Name,Formula,Molecular Weight,RT [min],Area (Max.),sample,area,count,RT,Class,FA,FA Group Key,TC,DB,Batch,StandardsName,Conc,slope,intercept,adj.r.squared,conc_mgmL
LPC(18:1),C26 H52 N O7 P,521.3465,3.238,414092750.584583,Area: Standard3B1.raw (F1),73268.5019337642,32,3.061,LPC,18:01,18_1,18,1,B1,3,0.1,1.1925999734337,14.589882377109294,0.9399089080489595,0.05837609076790207
PE(16:0_18:1),C39 H76 N O8 P,717.52932,11.847,170714421.761119,Area: Standard3B1.raw (F1),86124.3014366377,32,11.847,PE,16:0_18:1,34_1,34,1,B1,3,0.1,1.18643288820946,13.74803121913858,0.975124873120859,0.13401643486021503
PE(18:0_18:1),C41 H80 N O7 P,729.56465,15.276,249056022.187329,Area: Standard3B1.raw (F1),42974.7940884206,19,15.36,PEp,18:0_18:1,36_1,36,1,B1,3,0.1,1.2287043686823633,14.216302787827248,0.9780766262662444,0.05571306501034882
PC(18:1_18:1),C44 H84 N O8 P,785.58981000000006,11.277,998620005.120719,Area: Standard3B1.raw (F1),154136.350233092,20,11.462,PC,18:1_18:1,36_2,36,2,B1,3,0.1,1.1729558087543293,15.591708402124302,0.9675836020141986,0.04466857760144472
TG(18:1_18:1_18:1) +NH4,C57 H107 N O6,901.80726,21.343,310832446.923526,Area: Standard3B1.raw (F1),646716.942985249,24,21.312,TG,18:1_18:1_18:1,54_3,54,3,B1,3,0.1,0.9577345015024867,15.62072641316727,0.9720883936928404,0.09633128996654612
LPC(18:1),C26 H52 N O7 P,521.3465,3.238,414092750.584583,Area: Standard3B2.raw (F2),184905.291287304,32,3.061,LPC,18:01,18_1,18,1,B2,3,0.1,1.1925999734337,14.589882377109294,0.9399089080489595,0.12686461992786294
DG(18:1_18:1) +NH4,C39 H75 N O5,637.56369,15.35,365217.029557479,Area: Standard3B2.raw (F2),24658.9665669722,12,15.418,DG,18:1_18:1,36_2,36,2,B2,3,0.1,1.3519306673506046,12.729235584841016,0.9412900185659857,0.14438646996153431
PE(16:0_18:1),C39 H76 N O8 P,717.52932,11.847,170714421.761119,Area: Standard3B2.raw (F2),102973.979670218,32,11.847,PE,16:0_18:1,34_1,34,1,B2,3,0.1,1.18643288820946,13.74803121913858,0.975124873120859,0.15579937417171782
PE(18:0_18:1),C41 H80 N O7 P,729.56465,15.276,249056022.187329,Area: Standard3B2.raw (F2),139562.892819652,19,15.36,PEp,18:0_18:1,36_1,36,1,B2,3,0.1,1.2287043686823633,14.216302787827248,0.9780766262662444,0.14530980513221162
PC(18:1_18:1),C44 H84 N O8 P,785.58981000000006,11.277,998620005.120719,Area: Standard3B2.raw (F2),651504.688646147,20,11.462,PC,18:1_18:1,36_2,36,2,B2,3,0.1,1.1729558087543293,15.591708402124302,0.9675836020141986,0.15265365383092605
PI(34:2),C43 H79 O13 P,834.52455,8.354,88157750.9432684,Area: Standard3B2.raw (F2),36174.8827743416,29,8.31,PI,16:0_18:2,34_2,34,2,B2,3,0.1,1.2157441180432402,13.118700574207326,0.9833773231149067,0.11565066685872014
TG(18:1_18:1_18:1) +NH4,C57 H107 N O6,901.80726,21.343,310832446.923526,Area: Standard3B2.raw (F2),747364.784251285,24,21.312,TG,18:1_18:1_18:1,54_3,54,3,B2,3,0.1,0.9577345015024867,15.62072641316727,0.9720883936928404,0.11203610114023184
LPC(18:1),C26 H52 N O7 P,521.3465,3.238,414092750.584583,Area: Standard3B3.raw (F3),252612.561499771,32,3.061,LPC,18:01,18_1,18,1,B3,3,0.1,1.1925999734337,14.589882377109294,0.9399089080489595,0.16480201995044888
DG(18:1_18:1) +NH4,C39 H75 N O5,637.56369,15.35,365217.029557479,Area: Standard3B3.raw (F3),24878.1373509768,12,15.418,DG,18:1_18:1,36_2,36,2,B3,3,0.1,1.3519306673506046,12.729235584841016,0.9412900185659857,0.14533462428277275
PE(16:0_18:1),C39 H76 N O8 P,717.52932,11.847,170714421.761119,Area: Standard3B3.raw (F3),96548.0974398007,32,11.847,PE,16:0_18:1,34_1,34,1,B3,3,0.1,1.18643288820946,13.74803121913858,0.975124873120859,0.14756359508029615
PE(18:0_18:1),C41 H80 N O7 P,729.56465,15.276,249056022.187329,Area: Standard3B3.raw (F3),140457.3919334,19,15.36,PEp,18:0_18:1,36_1,36,1,B3,3,0.1,1.2287043686823633,14.216302787827248,0.9780766262662444,0.14606733365970342
PS(34:0_17:0),C40 H78 N O10 P,763.53502,12.132,95165866.063891,Area: Standard3B3.raw (F3),30689.2378824267,26,12.03,PS,17:0_17:0,34_0,34,0,B3,3,0.1,1.2107601666199124,13.214162133719759,0.9631241376520957,0.0924829052182608
PC(18:1_18:1),C44 H84 N O8 P,785.58981000000006,11.277,998620005.120719,Area: Standard3B3.raw (F3),539350.432359607,20,11.462,PC,18:1_18:1,36_2,36,2,B3,3,0.1,1.1729558087543293,15.591708402124302,0.9675836020141986,0.12994473598060818
PI(34:2),C43 H79 O13 P,834.52455,8.354,88157750.9432684,Area: Standard3B3.raw (F3),34065.758753041,29,8.31,PI,16:0_18:2,34_2,34,2,B3,3,0.1,1.2157441180432402,13.118700574207326,0.9833773231149067,0.11007502725869012
TG(18:1_18:1_18:1) +NH4,C57 H107 N O6,901.80726,21.343,310832446.923526,Area: Standard3B3.raw (F3),898205.999825342,24,21.312,TG,18:1_18:1_18:1,54_3,54,3,B3,3,0.1,0.9577345015024867,15.62072641316727,0.9720883936928404,0.13574531531467363
LPC(18:1),C26 H52 N O7 P,521.3465,3.238,414092750.584583,Area: Standard3B4.raw (F4),93314.564974919,32,3.061,LPC,18:01,18_1,18,1,B4,3,0.1,1.1925999734337,14.589882377109294,0.9399089080489595,0.07149980837334685
DG(18:1_18:1) +NH4,C39 H75 N O5,637.56369,15.35,365217.029557479,Area: Standard3B4.raw (F4),13027.5327021162,12,15.418,DG,18:1_18:1,36_2,36,2,B4,3,0.1,1.3519306673506046,12.729235584841016,0.9412900185659857,0.0900639463429476
PE(16:0_18:1),C39 H76 N O8 P,717.52932,11.847,170714421.761119,Area: Standard3B4.raw (F4),45668.288866987,32,11.847,PE,16:0_18:1,34_1,34,1,B4,3,0.1,1.18643288820946,13.74803121913858,0.975124873120859,0.07851274189406257
PE(18:0_18:1),C41 H80 N O7 P,729.56465,15.276,249056022.187329,Area: Standard3B4.raw (F4),68218.3205310328,19,15.36,PEp,18:0_18:1,36_1,36,1,B4,3,0.1,1.2287043686823633,14.216302787827248,0.9780766262662444,0.08115017105498674
PC(18:1_18:1),C44 H84 N O8 P,785.58981000000006,11.277,998620005.120719,Area: Standard3B4.raw (F4),230945.72391113,20,11.462,PC,18:1_18:1,36_2,36,2,B4,3,0.1,1.1729558087543293,15.591708402124302,0.9675836020141986,0.06305412764243498
PI(34:2),C43 H79 O13 P,834.52455,8.354,88157750.9432684,Area: Standard3B4.raw (F4),18513.3667187167,29,8.31,PI,16:0_18:2,34_2,34,2,B4,3,0.1,1.2157441180432402,13.118700574207326,0.9833773231149067,0.06665810207322635
TG(18:1_18:1_18:1) +NH4,C57 H107 N O6,901.80726,21.343,310832446.923526,Area: Standard3B4.raw (F4),449082.201190188,24,21.312,TG,18:1_18:1_18:1,54_3,54,3,B4,3,0.1,0.9577345015024867,15.62072641316727,0.9720883936928404,0.0658247454207932
LPC(18:1),C26 H52 N O7 P,521.3465,3.238,414092750.584583,Area: Standard4B1.raw (F5),2355162.61266814,32,3.061,LPC,18:01,18_1,18,1,B1,4,1,1.1925999734337,14.589882377109294,0.9399089080489595,1.071389994227264
Cer(d18:1_17:0),C35 H69 N O3,551.52663,12.306,38110154.6493222,Area: Standard4B1.raw (F5),92230.4710970194,24,12.21,Cer,18:1_17:0,35_1,35,1,B1,4,1,1.4899067331041478,11.111911564326087,0.9445085017026763,1.2396990779051777
DG(18:1_18:1) +NH4,C39 H75 N O5,637.56369,15.35,365217.029557479,Area: Standard4B1.raw (F5),331586.396729073,12,15.418,DG,18:1_18:1,36_2,36,2,B1,4,1,1.3519306673506046,12.729235584841016,0.9412900185659857,0.9870718631594081
SM(35_1),C40 H81 N2 O6 P,716.5815,10.127,13983290.9205087,Area: Standard4B1.raw (F5),45888.0080907414,21,9.98,SM,18:1_17:0,35_1,35,1,B1,4,1,1.3821308174287905,10.58989511488896,0.9101563033057309,1.109859298090948
PE(16:0_18:1),C39 H76 N O8 P,717.52932,11.847,170714421.761119,Area: Standard4B1.raw (F5),1301023.87035114,32,11.847,PE,16:0_18:1,34_1,34,1,B1,4,1,1.18643288820946,13.74803121913858,0.975124873120859,1.3213797204900963
PE(18:0_18:1),C41 H80 N O7 P,729.56465,15.276,249056022.187329,Area: Standard4B1.raw (F5),1843579.14641977,19,15.36,PEp,18:0_18:1,36_1,36,1,B1,4,1,1.2287043686823633,14.216302787827248,0.9780766262662444,1.1872714328373046
PS(34:0_17:0),C40 H78 N O10 P,763.53502,12.132,95165866.063891,Area: Standard4B1.raw (F5),683032.243740508,26,12.03,PS,17:0_17:0,34_0,34,0,B1,4,1,1.2107601666199124,13.214162133719759,0.9631241376520957,1.1993931307877852
PG(18:0_18:1),C42 H81 O10 P,776.55601,12.534,29699714.7281424,Area: Standard4B1.raw (F5),220497.516187537,24,12.404,PG,18:1_18:0,36_1,36,1,B1,4,1,1.1823124317065072,12.086211591044925,0.9608186089647072,1.20189853704816
PC(18:1_18:1),C44 H84 N O8 P,785.58981000000006,11.277,998620005.120719,Area: Standard4B1.raw (F5),8179816.37236596,20,11.462,PC,18:1_18:1,36_2,36,2,B1,4,1,1.1729558087543293,15.591708402124302,0.9675836020141986,1.3197998129270785
PI(34:2),C43 H79 O13 P,834.52455,8.354,88157750.9432684,Area: Standard4B1.raw (F5),763221.661219501,29,8.31,PI,16:0_18:2,34_2,34,2,B1,4,1,1.2157441180432402,13.118700574207326,0.9833773231149067,1.4203436435155106
TG(18:1_18:1_18:1) +NH4,C57 H107 N O6,901.80726,21.343,310832446.923526,Area: Standard4B1.raw (F5),11207610.2907159,24,21.312,TG,18:1_18:1_18:1,54_3,54,3,B1,4,1,0.9577345015024867,15.62072641316727,0.9720883936928404,1.893368823160766
LPC(18:1),C26 H52 N O7 P,521.3465,3.238,414092750.584583,Area: Standard4B2.raw (F6),3786119.9720609,32,3.061,LPC,18:01,18_1,18,1,B2,4,1,1.1925999734337,14.589882377109294,0.9399089080489595,1.5952358249984784
Cer(d18:1_17:0),C35 H69 N O3,551.52663,12.306,38110154.6493222,Area: Standard4B2.raw (F6),125397.458126188,24,12.21,Cer,18:1_17:0,35_1,35,1,B2,4,1,1.4899067331041478,11.111911564326087,0.9445085017026763,1.5235674516511386
DG(18:1-18:1),C39 H72 O5,620.53639,15.437,91630618.2585435,Area: Standard4B2.raw (F6),11565.514871032,19,15.418,DG,18:1_18:1,36_2,36,2,B2,4,1,1.3519306673506046,12.729235584841016,0.9412900185659857,0.08247293250881774
DG(18:1_18:1) +NH4,C39 H75 N O5,637.56369,15.35,365217.029557479,Area: Standard4B2.raw (F6),365217.029557479,12,15.418,DG,18:1_18:1,36_2,36,2,B2,4,1,1.3519306673506046,12.729235584841016,0.9412900185659857,1.06018501499676
SM(35_1),C40 H81 N2 O6 P,716.5815,10.127,13983290.9205087,Area: Standard4B2.raw (F6),87429.655056652,21,9.98,SM,18:1_17:0,35_1,35,1,B2,4,1,1.3821308174287905,10.58989511488896,0.9101563033057309,1.7693934233878383
PE(16:0_18:1),C39 H76 N O8 P,717.52932,11.847,170714421.761119,Area: Standard4B2.raw (F6),1753391.37540543,32,11.847,PE,16:0_18:1,34_1,34,1,B2,4,1,1.18643288820946,13.74803121913858,0.975124873120859,1.6992498761107513
PE(18:0_18:1),C41 H80 N O7 P,729.56465,15.276,249056022.187329,Area: Standard4B2.raw (F6),2529859.00314861,19,15.36,PEp,18:0_18:1,36_1,36,1,B2,4,1,1.2287043686823633,14.216302787827248,0.9780766262662444,1.5360424936413795
PS(34:0_17:0),C40 H78 N O10 P,763.53502,12.132,95165866.063891,Area: Standard4B2.raw (F6),1087787.80955396,26,12.03,PS,17:0_17:0,34_0,34,0,B2,4,1,1.2107601666199124,13.214162133719759,0.9631241376520957,1.7615052748564222
PG(18:0_18:1),C42 H81 O10 P,776.55601,12.534,29699714.7281424,Area: Standard4B2.raw (F6),338290.593732027,24,12.404,PG,18:1_18:0,36_1,36,1,B2,4,1,1.1823124317065072,12.086211591044925,0.9608186089647072,1.726197148093866
PC(18:1_18:1),C44 H84 N O8 P,785.58981000000006,11.277,998620005.120719,Area: Standard4B2.raw (F6),11492732.6090203,20,11.462,PC,18:1_18:1,36_2,36,2,B2,4,1,1.1729558087543293,15.591708402124302,0.9675836020141986,1.7636483412631363
PI(34:2),C43 H79 O13 P,834.52455,8.354,88157750.9432684,Area: Standard4B2.raw (F6),1002648.92085437,29,8.31,PI,16:0_18:2,34_2,34,2,B2,4,1,1.2157441180432402,13.118700574207326,0.9833773231149067,1.7777190346680483
TG(18:1_18:1_18:1) +NH4,C57 H107 N O6,901.80726,21.343,310832446.923526,Area: Standard4B2.raw (F6),8349772.96732597,24,21.312,TG,18:1_18:1_18:1,54_3,54,3,B2,4,1,0.9577345015024867,15.62072641316727,0.9720883936928404,1.392371966167607
LPC(18:1),C26 H52 N O7 P,521.3465,3.238,414092750.584583,Area: Standard4B3.raw (F7),2850989.81487709,32,3.061,LPC,18:01,18_1,18,1,B3,4,1,1.1925999734337,14.589882377109294,0.9399089080489595,1.2575413406632812
Cer(d18:1_17:0),C35 H69 N O3,551.52663,12.306,38110154.6493222,Area: Standard4B3.raw (F7),123443.501958763,24,12.21,Cer,18:1_17:0,35_1,35,1,B3,4,1,1.4899067331041478,11.111911564326087,0.9445085017026763,1.5075922046046049
DG(18:1-18:1),C39 H72 O5,620.53639,15.437,91630618.2585435,Area: Standard4B3.raw (F7),789552.523549063,19,15.418,DG,18:1_18:1,36_2,36,2,B3,4,1,1.3519306673506046,12.729235584841016,0.9412900185659857,1.8752090582467988
SM(35_1),C40 H81 N2 O6 P,716.5815,10.127,13983290.9205087,Area: Standard4B3.raw (F7),42657.032325527,21,9.98,SM,18:1_17:0,35_1,35,1,B3,4,1,1.3821308174287905,10.58989511488896,0.9101563033057309,1.0527521213779847
PE(16:0_18:1),C39 H76 N O8 P,717.52932,11.847,170714421.761119,Area: Standard4B3.raw (F7),1243323.297275,32,11.847,PE,16:0_18:1,34_1,34,1,B3,4,1,1.18643288820946,13.74803121913858,0.975124873120859,1.2718100039681122
PE(18:0_18:1),C41 H80 N O7 P,729.56465,15.276,249056022.187329,Area: Standard4B3.raw (F7),1841466.66493593,19,15.36,PEp,18:0_18:1,36_1,36,1,B3,4,1,1.2287043686823633,14.216302787827248,0.9780766262662444,1.1861640951718746
PS(34:0_17:0),C40 H78 N O10 P,763.53502,12.132,95165866.063891,Area: Standard4B3.raw (F7),703548.058641388,26,12.03,PS,17:0_17:0,34_0,34,0,B3,4,1,1.2107601666199124,13.214162133719759,0.9631241376520957,1.2290706313761544
PG(18:0_18:1),C42 H81 O10 P,776.55601,12.534,29699714.7281424,Area: Standard4B3.raw (F7),238480.772376382,24,12.404,PG,18:1_18:0,36_1,36,1,B3,4,1,1.1823124317065072,12.086211591044925,0.9608186089647072,1.2843015889010816
PC(18:1_18:1),C44 H84 N O8 P,785.58981000000006,11.277,998620005.120719,Area: Standard4B3.raw (F7),9074430.49191715,20,11.462,PC,18:1_18:1,36_2,36,2,B3,4,1,1.1729558087543293,15.591708402124302,0.9675836020141986,1.4419072407694398
PI(34:2),C43 H79 O13 P,834.52455,8.354,88157750.9432684,Area: Standard4B3.raw (F7),731059.648883467,29,8.31,PI,16:0_18:2,34_2,34,2,B3,4,1,1.2157441180432402,13.118700574207326,0.9833773231149067,1.3709248678560781
TG(18:1_18:1_18:1) +NH4,C57 H107 N O6,901.80726,21.343,310832446.923526,Area: Standard4B3.raw (F7),6724981.64837971,24,21.312,TG,18:1_18:1_18:1,54_3,54,3,B3,4,1,0.9577345015024867,15.62072641316727,0.9720883936928404,1.1107700117232402
LPC(18:1),C26 H52 N O7 P,521.3465,3.238,414092750.584583,Area: Standard4B4.raw (F8),1105032.53976391,32,3.061,LPC,18:01,18_1,18,1,B4,4,1,1.1925999734337,14.589882377109294,0.9399089080489595,0.5680370978426952
Cer(d18:1_17:0),C35 H69 N O3,551.52663,12.306,38110154.6493222,Area: Standard4B4.raw (F8),16251.1314628999,24,12.21,Cer,18:1_17:0,35_1,35,1,B4,4,1,1.4899067331041478,11.111911564326087,0.9445085017026763,0.38658988903158714
DG(18:1_18:1) +NH4,C39 H75 N O5,637.56369,15.35,365217.029557479,Area: Standard4B4.raw (F8),166382.035178685,12,15.418,DG,18:1_18:1,36_2,36,2,B4,4,1,1.3519306673506046,12.729235584841016,0.9412900185659857,0.5926809084234358
PE(16:0_18:1),C39 H76 N O8 P,717.52932,11.847,170714421.761119,Area: Standard4B4.raw (F8),617746.865943281,32,11.847,PE,16:0_18:1,34_1,34,1,B4,4,1,1.18643288820946,13.74803121913858,0.975124873120859,0.7053146002019596
PE(18:0_18:1),C41 H80 N O7 P,729.56465,15.276,249056022.187329,Area: Standard4B4.raw (F8),882122.647707452,19,15.36,PEp,18:0_18:1,36_1,36,1,B4,4,1,1.2287043686823633,14.216302787827248,0.9780766262662444,0.6516358810814369
PS(34:0_17:0),C40 H78 N O10 P,763.53502,12.132,95165866.063891,Area: Standard4B4.raw (F8),387422.118894041,26,12.03,PS,17:0_17:0,34_0,34,0,B4,4,1,1.2107601666199124,13.214162133719759,0.9631241376520957,0.7508813593272045
PG(18:0_18:1),C42 H81 O10 P,776.55601,12.534,29699714.7281424,Area: Standard4B4.raw (F8),96534.2163652119,24,12.404,PG,18:1_18:0,36_1,36,1,B4,4,1,1.1823124317065072,12.086211591044925,0.9608186089647072,0.5976684550665818
PC(18:1_18:1),C44 H84 N O8 P,785.59252,11.635,775555808.591492,Area: Standard4B4.raw (F8),2881161.4334598,12,11.462,PC,18:1_18:1,36_2,36,2,B4,4,1,1.1729558087543293,15.591708402124302,0.9675836020141986,0.5421934152327832
PI(34:2),C43 H79 O13 P,834.52455,8.354,88157750.9432684,Area: Standard4B4.raw (F8),421466.308778071,29,8.31,PI,16:0_18:2,34_2,34,2,B4,4,1,1.2157441180432402,13.118700574207326,0.9833773231149067,0.8715052192874084
TG(18:1_18:1_18:1) +NH4,C57 H107 N O6,901.80726,21.343,310832446.923526,Area: Standard4B4.raw (F8),3026473.35836135,24,21.312,TG,18:1_18:1_18:1,54_3,54,3,B4,4,1,0.9577345015024867,15.62072641316727,0.9720883936928404,0.4825778548943779
FA(18:1),C18 H34 O2,282.25545,4.875,699159.20364585,Area: Standard5B1.raw (F9),33382.0345111226,16,4.84,FA,18:01,18_1,18,1,B1,5,10,1.5445883525911401,6.561239407754413,0.7169625691734415,12.127901929737261
LPC(18:1),C26 H52 N O7 P,521.3465,3.238,414092750.584583,Area: Standard5B1.raw (F9),52698054.3598431,32,3.061,LPC,18:01,18_1,18,1,B1,5,10,1.1925999734337,14.589882377109294,0.9399089080489595,14.51237159252685
Cer(d18:1_17:0),C35 H69 N O3,551.52663,12.306,38110154.6493222,Area: Standard5B1.raw (F9),2349720.1941851,24,12.21,Cer,18:1_17:0,35_1,35,1,B1,5,10,1.4899067331041478,11.111911564326087,0.9445085017026763,10.891673925829304
DG(18:1-18:1),C39 H72 O5,620.53639,15.437,91630618.2585435,Area: Standard5B1.raw (F9),7167611.84430016,19,15.418,DG,18:1_18:1,36_2,36,2,B1,5,10,1.3519306673506046,12.729235584841016,0.9412900185659857,9.586521922032638
SM(35_1),C40 H81 N2 O6 P,716.5815,10.127,13983290.9205087,Area: Standard5B1.raw (F9),1766892.73616511,21,9.98,SM,18:1_17:0,35_1,35,1,B1,5,10,1.3821308174287905,10.58989511488896,0.9101563033057309,15.57462662481134
PE(16:0_18:1),C39 H76 N O8 P,717.52932,11.847,170714421.761119,Area: Standard5B1.raw (F9),12441013.7582034,32,11.847,PE,16:0_18:1,34_1,34,1,B1,5,10,1.18643288820946,13.74803121913858,0.975124873120859,8.861636232901352
PE(18:0_18:1),C41 H80 N O7 P,729.56656,15.619,249383434.16463,Area: Standard5B1.raw (F9),37445351.3801032,13,15.36,PEp,18:0_18:1,36_1,36,1,B1,5,10,1.2287043686823633,14.216302787827248,0.9780766262662444,13.76801183515786
PS(34:0_17:0),C40 H78 N O10 P,763.53502,12.132,95165866.063891,Area: Standard5B1.raw (F9),16606227.9344667,26,12.03,PS,17:0_17:0,34_0,34,0,B1,5,10,1.2107601666199124,13.214162133719759,0.9631241376520957,16.732327471521053
PG(18:0_18:1),C42 H81 O10 P,776.55601,12.534,29699714.7281424,Area: Standard5B1.raw (F9),2277750.63562758,24,12.404,PG,18:1_18:0,36_1,36,1,B1,5,10,1.1823124317065072,12.086211591044925,0.9608186089647072,8.661553741409085
PC(18:1_18:1),C44 H84 N O8 P,785.59252,11.635,775555808.591492,Area: Standard5B1.raw (F9),71898768.4726129,12,11.462,PC,18:1_18:1,36_2,36,2,B1,5,10,1.1729558087543293,15.591708402124302,0.9675836020141986,8.419641931247883
PI(34:2),C43 H79 O13 P,834.52455,8.354,88157750.9432684,Area: Standard5B1.raw (F9),6852938.1876295,29,8.31,PI,16:0_18:2,34_2,34,2,B1,5,10,1.2157441180432402,13.118700574207326,0.9833773231149067,8.63896048854988
FA(18:1),C18 H34 O2,282.25545,4.875,699159.20364585,Area: Standard5B2.raw (F10),39817.3299565891,16,4.84,FA,18:01,18_1,18,1,B2,5,10,1.5445883525911401,6.561239407754413,0.7169625691734415,13.59414345675513
LPC(18:1),C26 H52 N O7 P,521.34592,3.541,8161572.83019903,Area: Standard5B2.raw (F10),8161572.83019903,2,3.061,LPC,18:01,18_1,18,1,B2,5,10,1.1925999734337,14.589882377109294,0.9399089080489595,3.0376146069337735
LPC(18:1),C26 H52 N O7 P,521.3465,3.238,414092750.584583,Area: Standard5B2.raw (F10),97806378.3722743,32,3.061,LPC,18:01,18_1,18,1,B2,5,10,1.1925999734337,14.589882377109294,0.9399089080489595,24.37460693339017
Cer(d18:1_17:0),C35 H69 N O3,551.52663,12.306,38110154.6493222,Area: Standard5B2.raw (F10),5277757.77167015,24,12.21,Cer,18:1_17:0,35_1,35,1,B2,5,10,1.4899067331041478,11.111911564326087,0.9445085017026763,18.74867901937909
DG(18:1-18:1),C39 H72 O5,620.53639,15.437,91630618.2585435,Area: Standard5B2.raw (F10),4762199.58994737,19,15.418,DG,18:1_18:1,36_2,36,2,B2,5,10,1.3519306673506046,12.729235584841016,0.9412900185659857,7.084641531626882
SM(35_1),C40 H81 N2 O6 P,716.5815,10.127,13983290.9205087,Area: Standard5B2.raw (F10),3105365.49903632,21,9.98,SM,18:1_17:0,35_1,35,1,B2,5,10,1.3821308174287905,10.58989511488896,0.9101563033057309,23.421227602131285
PE(16:0_18:1),C39 H76 N O8 P,717.52932,11.847,170714421.761119,Area: Standard5B2.raw (F10),8865714.89152541,32,11.847,PE,16:0_18:1,34_1,34,1,B2,5,10,1.18643288820946,13.74803121913858,0.975124873120859,6.660294155872808
PE(18:0_18:1),C41 H80 N O7 P,729.56465,15.276,249056022.187329,Area: Standard5B2.raw (F10),61558123.5590841,19,15.36,PEp,18:0_18:1,36_1,36,1,B2,5,10,1.2287043686823633,14.216302787827248,0.9780766262662444,20.633579312551387
PS(34:0_17:0),C40 H78 N O10 P,763.53502,12.132,95165866.063891,Area: Standard5B2.raw (F10),28451927.1609994,26,12.03,PS,17:0_17:0,34_0,34,0,B2,5,10,1.2107601666199124,13.214162133719759,0.9631241376520957,26.103082281371996
PG(18:0_18:1),C42 H81 O10 P,776.55601,12.534,29699714.7281424,Area: Standard5B2.raw (F10),1574579.22353985,24,12.404,PG,18:1_18:0,36_1,36,1,B2,5,10,1.1823124317065072,12.086211591044925,0.9608186089647072,6.338387825604455
PC(18:1_18:1),C44 H84 N O8 P,785.58981000000006,11.277,998620005.120719,Area: Standard5B2.raw (F10),56172483.9915058,20,11.462,PC,18:1_18:1,36_2,36,2,B2,5,10,1.1729558087543293,15.591708402124302,0.9675836020141986,6.821854249306408
PI(34:2),C43 H79 O13 P,834.52455,8.354,88157750.9432684,Area: Standard5B2.raw (F10),5008022.37146714,29,8.31,PI,16:0_18:2,34_2,34,2,B2,5,10,1.2157441180432402,13.118700574207326,0.9833773231149067,6.674560177246693
TG(18:1_18:1_18:1) +NH4,C57 H107 N O6,901.80726,21.343,310832446.923526,Area: Standard5B2.raw (F10),55431048.2354788,24,21.312,TG,18:1_18:1_18:1,54_3,54,3,B2,5,10,0.9577345015024867,15.62072641316727,0.9720883936928404,10.048762809464167
FA(18:1),C18 H34 O2,282.25545,4.875,699159.20364585,Area: Standard5B3.raw (F11),27228.4645729216,16,4.84,FA,18:01,18_1,18,1,B3,5,10,1.5445883525911401,6.561239407754413,0.7169625691734415,10.629077114498644
LPC(18:1),C26 H52 N O7 P,521.3465,3.238,414092750.584583,Area: Standard5B3.raw (F11),39126259.855812304,32,3.061,LPC,18:01,18_1,18,1,B3,5,10,1.1925999734337,14.589882377109294,0.9399089080489595,11.305708895987598
Cer(d18:1_17:0),C35 H69 N O3,551.52663,12.306,38110154.6493222,Area: Standard5B3.raw (F11),1676556.56174979,24,12.21,Cer,18:1_17:0,35_1,35,1,B3,5,10,1.4899067331041478,11.111911564326087,0.9445085017026763,8.683615657562887
DG(18:1-18:1),C39 H72 O5,620.53639,15.437,91630618.2585435,Area: Standard5B3.raw (F11),11232132.586257,19,15.418,DG,18:1_18:1,36_2,36,2,B3,5,10,1.3519306673506046,12.729235584841016,0.9412900185659857,13.36485150111228
SM(35_1),C40 H81 N2 O6 P,716.5815,10.127,13983290.9205087,Area: Standard5B3.raw (F11),1034070.26560964,21,9.98,SM,18:1_17:0,35_1,35,1,B3,5,10,1.3821308174287905,10.58989511488896,0.9101563033057309,10.570201428263482
PE(16:0_18:1),C39 H76 N O8 P,717.52932,11.847,170714421.761119,Area: Standard5B3.raw (F11),13507737.1102027,32,11.847,PE,16:0_18:1,34_1,34,1,B3,5,10,1.18643288820946,13.74803121913858,0.975124873120859,9.497881120461653
PE(18:0_18:1),C41 H80 N O7 P,729.56465,15.276,249056022.187329,Area: Standard5B3.raw (F11),22958583.1812777,19,15.36,PEp,18:0_18:1,36_1,36,1,B3,5,10,1.2287043686823633,14.216302787827248,0.9780766262662444,9.24619867457859
PS(34:0_17:0),C40 H78 N O10 P,763.53502,12.132,95165866.063891,Area: Standard5B3.raw (F11),9265356.04087076,26,12.03,PS,17:0_17:0,34_0,34,0,B3,5,10,1.2107601666199124,13.214162133719759,0.9631241376520957,10.333775345752372
PG(18:0_18:1),C42 H81 O10 P,776.55601,12.534,29699714.7281424,Area: Standard5B3.raw (F11),2791676.88235775,24,12.404,PG,18:1_18:0,36_1,36,1,B3,5,10,1.1823124317065072,12.086211591044925,0.9608186089647072,10.287973458801325
PC(18:1_18:1),C44 H84 N O8 P,785.58981000000006,11.277,998620005.120719,Area: Standard5B3.raw (F11),88228278.5685246,20,11.462,PC,18:1_18:1,36_2,36,2,B3,5,10,1.1729558087543293,15.591708402124302,0.9675836020141986,10.024746984583253
PI(34:2),C43 H79 O13 P,834.52455,8.354,88157750.9432684,Area: Standard5B3.raw (F11),8225017.46831093,29,8.31,PI,16:0_18:2,34_2,34,2,B3,5,10,1.2157441180432402,13.118700574207326,0.9833773231149067,10.038206823183154
FA(18:1),C18 H34 O2,282.25545,4.875,699159.20364585,Area: Standard5B4.raw (F12),9908.09038279939,16,4.84,FA,18:01,18_1,18,1,B4,5,10,1.5445883525911401,6.561239407754413,0.7169625691734415,5.524028963578362
LPC(18:1),C26 H52 N O7 P,521.3465,3.238,414092750.584583,Area: Standard5B4.raw (F12),15481448.4063624,32,3.061,LPC,18:01,18_1,18,1,B4,5,10,1.1925999734337,14.589882377109294,0.9399089080489595,5.195991789409023
Cer(d18:1_17:0),C35 H69 N O3,551.52663,12.306,38110154.6493222,Area: Standard5B4.raw (F12),760508.307387431,24,12.21,Cer,18:1_17:0,35_1,35,1,B4,5,10,1.4899067331041478,11.111911564326087,0.9445085017026763,5.108270927788652
DG(18:1-18:1),C39 H72 O5,620.53639,15.437,91630618.2585435,Area: Standard5B4.raw (F12),7111857.59776071,19,15.418,DG,18:1_18:1,36_2,36,2,B4,5,10,1.3519306673506046,12.729235584841016,0.9412900185659857,9.531307688717996
SM(35_1),C40 H81 N2 O6 P,716.5815,10.127,13983290.9205087,Area: Standard5B4.raw (F12),349732.394709731,21,9.98,SM,18:1_17:0,35_1,35,1,B4,5,10,1.3821308174287905,10.58989511488896,0.9101563033057309,4.824358127898507
PE(16:0_18:1),C39 H76 N O8 P,717.52932,11.847,170714421.761119,Area: Standard5B4.raw (F12),6457866.39491839,32,11.847,PE,16:0_18:1,34_1,34,1,B4,5,10,1.18643288820946,13.74803121913858,0.975124873120859,5.099113548906699
PE(18:0_18:1),C41 H80 N O7 P,729.56656,15.619,249383434.16463,Area: Standard5B4.raw (F12),10630105.7418665,13,15.36,PEp,18:0_18:1,36_1,36,1,B4,5,10,1.2287043686823633,14.216302787827248,0.9780766262662444,4.940836933379
PS(34:0_17:0),C40 H78 N O10 P,763.53502,12.132,95165866.063891,Area: Standard5B4.raw (F12),4799149.86567359,26,12.03,PS,17:0_17:0,34_0,34,0,B4,5,10,1.2107601666199124,13.214162133719759,0.9631241376520957,6.001963823218305
PG(18:0_18:1),C42 H81 O10 P,776.55601,12.534,29699714.7281424,Area: Standard5B4.raw (F12),1501587.82031495,24,12.404,PG,18:1_18:0,36_1,36,1,B4,5,10,1.1823124317065072,12.086211591044925,0.9608186089647072,6.088967715352284
PC(18:1_18:1),C44 H84 N O8 P,785.59252,11.635,775555808.591492,Area: Standard5B4.raw (F12),30825190.5094615,12,11.462,PC,18:1_18:1,36_2,36,2,B4,5,10,1.1729558087543293,15.591708402124302,0.9675836020141986,4.089907181786502
PI(34:2),C43 H79 O13 P,834.52455,8.354,88157750.9432684,Area: Standard5B4.raw (F12),4825688.5465891,29,8.31,PI,16:0_18:2,34_2,34,2,B4,5,10,1.2157441180432402,13.118700574207326,0.9833773231149067,6.4740194583519735
FA(18:1),C18 H34 O2,282.25545,4.875,699159.20364585,Area: Standard6B1.raw (F13),397677.06048673,16,4.84,FA,18:01,18_1,18,1,B1,6,50,1.5445883525911401,6.561239407754413,0.7169625691734415,60.314661925361904
LPC(18:1),C26 H52 N O7 P,521.3465,3.238,414092750.584583,Area: Standard6B1.raw (F13),295178289.423081,32,3.061,LPC,18:01,18_1,18,1,B1,6,50,1.1925999734337,14.589882377109294,0.9399089080489595,61.54354397592052
Cer(d18:1_17:0),C35 H69 N O3,551.52663,12.306,38110154.6493222,Area: Standard6B1.raw (F13),24268560.4432765,24,12.21,Cer,18:1_17:0,35_1,35,1,B1,6,50,1.4899067331041478,11.111911564326087,0.9445085017026763,52.202685848589105
DG(18:1-18:1),C39 H72 O5,620.53639,15.437,91630618.2585435,Area: Standard6B1.raw (F13),78494638.933907,19,15.418,DG,18:1_18:1,36_2,36,2,B1,6,50,1.3519306673506046,12.729235584841016,0.9412900185659857,56.30357105549781
SM(35_1),C40 H81 N2 O6 P,716.5815,10.127,13983290.9205087,Area: Standard6B1.raw (F13),9356533.79007532,21,9.98,SM,18:1_17:0,35_1,35,1,B1,6,50,1.3821308174287905,10.58989511488896,0.9101563033057309,52.02087117359017
PE(16:0_18:1),C39 H76 N O8 P,717.52932,11.847,170714421.761119,Area: Standard6B1.raw (F13),113017169.50539,32,11.847,PE,16:0_18:1,34_1,34,1,B1,6,50,1.18643288820946,13.74803121913858,0.975124873120859,56.914072149753736
PE(18:0_18:1),C41 H80 N O7 P,729.56656,15.619,249383434.16463,Area: Standard6B1.raw (F13),195230168.330698,13,15.36,PEp,18:0_18:1,36_1,36,1,B1,6,50,1.2287043686823633,14.216302787827248,0.9780766262662444,52.787855531805135
PS(34:0_17:0),C40 H78 N O10 P,763.53502,12.132,95165866.063891,Area: Standard6B1.raw (F13),78742725.5168415,26,12.03,PS,17:0_17:0,34_0,34,0,B1,6,50,1.2107601666199124,13.214162133719759,0.9631241376520957,60.510852109098224
PG(18:0_18:1),C42 H81 O10 P,776.55601,12.534,29699714.7281424,Area: Standard6B1.raw (F13),19392750.1386527,24,12.404,PG,18:1_18:0,36_1,36,1,B1,6,50,1.1823124317065072,12.086211591044925,0.9608186089647072,53.003262282851495
PC(18:1_18:1),C44 H84 N O8 P,785.59252,11.635,775555808.591492,Area: Standard6B1.raw (F13),775555808.591492,12,11.462,PC,18:1_18:1,36_2,36,2,B1,6,50,1.1729558087543293,15.591708402124302,0.9675836020141986,63.95614800502677
PC(18:1_20:4),C46 H82 N O8 P,807.57401,11.819,12196817.9939931,Area: Standard6B1.raw (F13),10176506.9833461,6,11.498,PCp,18:1_20:4,38_4,38,4,B1,6,50,0.4046004170167451,15.453404727350827,0,5.398264400658849
PI(34:2),C43 H79 O13 P,834.52455,8.354,88157750.9432684,Area: Standard6B1.raw (F13),59742995.1417673,29,8.31,PI,16:0_18:2,34_2,34,2,B1,6,50,1.2157441180432402,13.118700574207326,0.9833773231149067,51.284708663495536
FA(18:1),C18 H34 O2,282.25545,4.875,699159.20364585,Area: Standard6B2.raw (F14),699159.20364585,16,4.84,FA,18:01,18_1,18,1,B2,6,50,1.5445883525911401,6.561239407754413,0.7169625691734415,86.91018905461303
LPC(18:1),C26 H52 N O7 P,521.3465,3.238,414092750.584583,Area: Standard6B2.raw (F14),363439202.422547,32,3.061,LPC,18:01,18_1,18,1,B2,6,50,1.1925999734337,14.589882377109294,0.9399089080489595,73.2721837127028
Cer(d18:1_17:0),C35 H69 N O3,551.52663,12.306,38110154.6493222,Area: Standard6B2.raw (F14),26786465.1391042,24,12.21,Cer,18:1_17:0,35_1,35,1,B2,6,50,1.4899067331041478,11.111911564326087,0.9445085017026763,55.77857236944563
DG(18:1-18:1),C39 H72 O5,620.53639,15.437,91630618.2585435,Area: Standard6B2.raw (F14),60336417.66414,19,15.418,DG,18:1_18:1,36_2,36,2,B2,6,50,1.3519306673506046,12.729235584841016,0.9412900185659857,46.34676451491739
SM(35_1),C40 H81 N2 O6 P,716.5815,10.127,13983290.9205087,Area: Standard6B2.raw (F14),13983290.9205087,21,9.98,SM,18:1_17:0,35_1,35,1,B2,6,50,1.3821308174287905,10.58989511488896,0.9101563033057309,69.57094475379671
PE(16:0_18:1),C39 H76 N O8 P,717.52932,11.847,170714421.761119,Area: Standard6B2.raw (F14),117320556.433279,32,11.847,PE,16:0_18:1,34_1,34,1,B2,6,50,1.18643288820946,13.74803121913858,0.975124873120859,58.73528199925413
PE(18:0_18:1),C41 H80 N O7 P,729.56656,15.619,249383434.16463,Area: Standard6B2.raw (F14),249383434.16463,13,15.36,PEp,18:0_18:1,36_1,36,1,B2,6,50,1.2287043686823633,14.216302787827248,0.9780766262662444,64.42652962318812
PS(34:0_17:0),C40 H78 N O10 P,763.53502,12.132,95165866.063891,Area: Standard6B2.raw (F14),95165866.063891,26,12.03,PS,17:0_17:0,34_0,34,0,B2,6,50,1.2107601666199124,13.214162133719759,0.9631241376520957,70.75920501716813
PG(18:0_18:1),C42 H81 O10 P,776.55601,12.534,29699714.7281424,Area: Standard6B2.raw (F14),17854635.7321804,24,12.404,PG,18:1_18:0,36_1,36,1,B2,6,50,1.1823124317065072,12.086211591044925,0.9608186089647072,49.4251710545237
PC(18:1_18:1),C44 H84 N O8 P,785.59252,11.635,775555808.591492,Area: Standard6B2.raw (F14),696966019.971588,12,11.462,PC,18:1_18:1,36_2,36,2,B2,6,50,1.1729558087543293,15.591708402124302,0.9675836020141986,58.38790331230841
PC(18:1_20:4),C46 H82 N O8 P,807.57401,11.819,12196817.9939931,Area: Standard6B2.raw (F14),12196817.9939931,6,11.498,PCp,18:1_20:4,38_4,38,4,B2,6,50,0.4046004170167451,15.453404727350827,0,8.445746753029752
PI(34:2),C43 H79 O13 P,834.52455,8.354,88157750.9432684,Area: Standard6B2.raw (F14),58613739.9187806,29,8.31,PI,16:0_18:2,34_2,34,2,B2,6,50,1.2157441180432402,13.118700574207326,0.9833773231149067,50.486007991990256
FA(18:1),C18 H34 O2,282.25545,4.875,699159.20364585,Area: Standard6B3.raw (F15),443301.969132921,16,4.84,FA,18:01,18_1,18,1,B3,6,50,1.5445883525911401,6.561239407754413,0.7169625691734415,64.70848165728542
LPC(18:1),C26 H52 N O7 P,521.3465,3.238,414092750.584583,Area: Standard6B3.raw (F15),332382615.954709,32,3.061,LPC,18:01,18_1,18,1,B3,6,50,1.1925999734337,14.589882377109294,0.9399089080489595,67.98461631529048
Cer(d18:1_17:0),C35 H69 N O3,551.52663,12.306,38110154.6493222,Area: Standard6B3.raw (F15),30947371.3747066,24,12.21,Cer,18:1_17:0,35_1,35,1,B3,6,50,1.4899067331041478,11.111911564326087,0.9445085017026763,61.45485199778624
DG(18:1-18:1),C39 H72 O5,620.53639,15.437,91630618.2585435,Area: Standard6B3.raw (F15),81530381.7159878,19,15.418,DG,18:1_18:1,36_2,36,2,B3,6,50,1.3519306673506046,12.729235584841016,0.9412900185659857,57.906261884069714
SM(35_1),C40 H81 N2 O6 P,716.5815,10.127,13983290.9205087,Area: Standard6B3.raw (F15),12691176.8035577,21,9.98,SM,18:1_17:0,35_1,35,1,B3,6,50,1.3821308174287905,10.58989511488896,0.9101563033057309,64.8578072660311
PE(16:0_18:1),C39 H76 N O8 P,717.52932,11.847,170714421.761119,Area: Standard6B3.raw (F15),147684385.105554,32,11.847,PE,16:0_18:1,34_1,34,1,B3,6,50,1.18643288820946,13.74803121913858,0.975124873120859,71.3102572806113
PE(18:0_18:1),C41 H80 N O7 P,729.56465,15.276,249056022.187329,Area: Standard6B3.raw (F15),225035591.867481,19,15.36,PEp,18:0_18:1,36_1,36,1,B3,6,50,1.2287043686823633,14.216302787827248,0.9780766262662444,59.258820376812224
PS(34:0_17:0),C40 H78 N O10 P,763.53502,12.132,95165866.063891,Area: Standard6B3.raw (F15),67620588.2427259,26,12.03,PS,17:0_17:0,34_0,34,0,B3,6,50,1.2107601666199124,13.214162133719759,0.9631241376520957,53.35970892891742
PG(18:0_18:1),C42 H81 O10 P,776.55601,12.534,29699714.7281424,Area: Standard6B3.raw (F15),24851285.0158381,24,12.404,PG,18:1_18:0,36_1,36,1,B3,6,50,1.1823124317065072,12.086211591044925,0.9608186089647072,65.3737300440367
PC(18:1_18:1),C44 H84 N O8 P,785.58981000000006,11.277,998620005.120719,Area: Standard6B3.raw (F15),866814537.223146,20,11.462,PC,18:1_18:1,36_2,36,2,B3,6,50,1.1729558087543293,15.591708402124302,0.9675836020141986,70.3188105287053
PI(34:2),C43 H79 O13 P,834.52455,8.354,88157750.9432684,Area: Standard6B3.raw (F15),77687263.7489773,29,8.31,PI,16:0_18:2,34_2,34,2,B3,6,50,1.2157441180432402,13.118700574207326,0.9833773231149067,63.65159750653145
FA(18:1),C18 H34 O2,282.25545,4.875,699159.20364585,Area: Standard6B4.raw (F16),174470.7083443,16,4.84,FA,18:01,18_1,18,1,B4,6,50,1.5445883525911401,6.561239407754413,0.7169625691734415,35.38101014194059
FA(18:1),C18 H34 O2,282.25606,5.166,28942.4163457274,Area: Standard6B4.raw (F16),28942.4163457274,1,4.84,FA,18:01,18_1,18,1,B4,6,50,1.5445883525911401,6.561239407754413,0.7169625691734415,11.057571728484765
LPC(18:1),C26 H52 N O7 P,521.3465,3.238,414092750.584583,Area: Standard6B4.raw (F16),193777678.681123,32,3.061,LPC,18:01,18_1,18,1,B4,6,50,1.1925999734337,14.589882377109294,0.9399089080489595,43.24343271231334
Cer(d18:1_17:0),C35 H69 N O3,551.52663,12.306,38110154.6493222,Area: Standard6B4.raw (F16),15637817.4325442,24,12.21,Cer,18:1_17:0,35_1,35,1,B4,6,50,1.4899067331041478,11.111911564326087,0.9445085017026763,38.86740832390862
DG(18:1-18:1),C39 H72 O5,620.53639,15.437,91630618.2585435,Area: Standard6B4.raw (F16),56327355.4369418,19,15.418,DG,18:1_18:1,36_2,36,2,B4,6,50,1.3519306673506046,12.729235584841016,0.9412900185659857,44.04862656380146
SM(35_1),C40 H81 N2 O6 P,716.5815,10.127,13983290.9205087,Area: Standard6B4.raw (F16),6126723.55200284,21,9.98,SM,18:1_17:0,35_1,35,1,B4,6,50,1.3821308174287905,10.58989511488896,0.9101563033057309,38.29409558795949
PE(16:0_18:1),C39 H76 N O8 P,717.52932,11.847,170714421.761119,Area: Standard6B4.raw (F16),78531568.7461412,32,11.847,PE,16:0_18:1,34_1,34,1,B4,6,50,1.18643288820946,13.74803121913858,0.975124873120859,41.875783104017856
PE(18:0_18:1),C41 H80 N O7 P,729.56656,15.619,249383434.16463,Area: Standard6B4.raw (F16),115103261.788007,13,15.36,PEp,18:0_18:1,36_1,36,1,B4,6,50,1.2287043686823633,14.216302787827248,0.9780766262662444,34.33879341791197
PS(34:0_17:0),C40 H78 N O10 P,763.53502,12.132,95165866.063891,Area: Standard6B4.raw (F16),29103945.932734,26,12.03,PS,17:0_17:0,34_0,34,0,B4,6,50,1.2107601666199124,13.214162133719759,0.9631241376520957,26.5961682824145
PG(18:0_18:1),C42 H81 O10 P,776.55601,12.534,29699714.7281424,Area: Standard6B4.raw (F16),14516221.1402691,24,12.404,PG,18:1_18:0,36_1,36,1,B4,6,50,1.1823124317065072,12.086211591044925,0.9608186089647072,41.48708616634694
PC(18:1_18:1),C44 H84 N O8 P,785.59252,11.635,775555808.591492,Area: Standard6B4.raw (F16),478184001.018879,12,11.462,PC,18:1_18:1,36_2,36,2,B4,6,50,1.1729558087543293,15.591708402124302,0.9675836020141986,42.34791802414127
PC(18:1_20:4),C46 H82 N O8 P,807.57401,11.819,12196817.9939931,Area: Standard6B4.raw (F16),1726148.69516626,6,11.498,PCp,18:1_20:4,38_4,38,4,B4,6,50,0.4046004170167451,15.453404727350827,0,0.0672752617939452
PI(34:2),C43 H79 O13 P,834.52455,8.354,88157750.9432684,Area: Standard6B4.raw (F16),46777683.0522922,29,8.31,PI,16:0_18:2,34_2,34,2,B4,6,50,1.2157441180432402,13.118700574207326,0.9833773231149067,41.936701507254085
TG(18:1_18:1_18:1) +NH4,C57 H107 N O6,901.80726,21.343,310832446.923526,Area: Standard6B4.raw (F16),310832446.923526,24,21.312,TG,18:1_18:1_18:1,54_3,54,3,B4,6,50,0.9577345015024867,15.62072641316727,0.9720883936928404,60.803662897729204
LPC(18:1),C26 H52 N O7 P,521.3465,3.238,414092750.584583,Area: Standard13B1.raw (F17),121661.155058323,32,3.061,LPC,18:01,18_1,18,1,B1,13,0.1,1.1925999734337,14.589882377109294,0.9399089080489595,0.08931052642630843
DG(18:1_18:1) +NH4,C39 H75 N O5,637.56369,15.35,365217.029557479,Area: Standard13B1.raw (F17),24400.9475928945,12,15.418,DG,18:1_18:1,36_2,36,2,B1,13,0.1,1.3519306673506046,12.729235584841016,0.9412900185659857,0.14326743789379653
PE(16:0_18:1),C39 H76 N O8 P,717.52932,11.847,170714421.761119,Area: Standard13B1.raw (F17),27994.3934590414,32,11.847,PE,16:0_18:1,34_1,34,1,B1,13,0.1,1.18643288820946,13.74803121913858,0.975124873120859,0.051975061487815465
PE(18:0_18:1),C41 H80 N O7 P,729.56656,15.619,249383434.16463,Area: Standard13B1.raw (F17),64942.6130118811,13,15.36,PEp,18:0_18:1,36_1,36,1,B1,13,0.1,1.2287043686823633,14.216302787827248,0.9780766262662444,0.07796435788525626
PC(18:1_18:1),C44 H84 N O8 P,785.58981000000006,11.277,998620005.120719,Area: Standard13B1.raw (F17),371292.668602326,20,11.462,PC,18:1_18:1,36_2,36,2,B1,13,0.1,1.1729558087543293,15.591708402124302,0.9675836020141986,0.0945179336104427
PI(34:2),C43 H79 O13 P,834.52455,8.354,88157750.9432684,Area: Standard13B1.raw (F17),15859.0538281107,29,8.31,PI,16:0_18:2,34_2,34,2,B1,13,0.1,1.2157441180432402,13.118700574207326,0.9833773231149067,0.058690994272361414
TG(18:1_18:1_18:1) +NH4,C57 H107 N O6,901.80726,21.343,310832446.923526,Area: Standard13B1.raw (F17),607254.053150281,24,21.312,TG,18:1_18:1_18:1,54_3,54,3,B1,13,0.1,0.9577345015024867,15.62072641316727,0.9720883936928404,0.09020214336924134
LPC(18:1),C26 H52 N O7 P,521.3465,3.238,414092750.584583,Area: standard13B2.raw (F18),253420.78855993,32,3.061,LPC,18:01,18_1,18,1,B2,13,0.1,1.1925999734337,14.589882377109294,0.9399089080489595,0.16524403199458426
DG(18:1_18:1) +NH4,C39 H75 N O5,637.56369,15.35,365217.029557479,Area: standard13B2.raw (F18),24173.7735578011,12,15.418,DG,18:1_18:1,36_2,36,2,B2,13,0.1,1.3519306673506046,12.729235584841016,0.9412900185659857,0.14227962863368487
PE(16:0_18:1),C39 H76 N O8 P,717.52932,11.847,170714421.761119,Area: standard13B2.raw (F18),102507.252507006,32,11.847,PE,16:0_18:1,34_1,34,1,B2,13,0.1,1.18643288820946,13.74803121913858,0.975124873120859,0.15520396843867612
PE(18:0_18:1),C41 H80 N O7 P,729.56465,15.276,249056022.187329,Area: standard13B2.raw (F18),147168.08880171,19,15.36,PEp,18:0_18:1,36_1,36,1,B2,13,0.1,1.2287043686823633,14.216302787827248,0.9780766262662444,0.15172228702715754
PS(34:0_17:0),C40 H78 N O10 P,763.53502,12.132,95165866.063891,Area: standard13B2.raw (F18),21876.8248541689,26,12.03,PS,17:0_17:0,34_0,34,0,B2,13,0.1,1.2107601666199124,13.214162133719759,0.9631241376520957,0.0699276023869065
PC(18:1_18:1),C44 H84 N O8 P,785.58981000000006,11.277,998620005.120719,Area: standard13B2.raw (F18),712013.714852452,20,11.462,PC,18:1_18:1,36_2,36,2,B2,13,0.1,1.1729558087543293,15.591708402124302,0.9675836020141986,0.16466095756206495
TG(18:1_18:1_18:1) +NH4,C57 H107 N O6,901.80726,21.343,310832446.923526,Area: standard13B2.raw (F18),913653.08322382,24,21.312,TG,18:1_18:1_18:1,54_3,54,3,B2,13,0.1,0.9577345015024867,15.62072641316727,0.9720883936928404,0.13818376688312486
LPC(18:1),C26 H52 N O7 P,521.3465,3.238,414092750.584583,Area: standard13B3.raw (F19),312495.498196582,32,3.061,LPC,18:01,18_1,18,1,B3,13,0.1,1.1925999734337,14.589882377109294,0.9399089080489595,0.1969839943317374
DG(18:1_18:1) +NH4,C39 H75 N O5,637.56369,15.35,365217.029557479,Area: standard13B3.raw (F19),25108.4835509207,12,15.418,DG,18:1_18:1,36_2,36,2,B3,13,0.1,1.3519306673506046,12.729235584841016,0.9412900185659857,0.14632878406833766
PE(16:0_18:1),C39 H76 N O8 P,717.52932,11.847,170714421.761119,Area: standard13B3.raw (F19),92590.9006957618,32,11.847,PE,16:0_18:1,34_1,34,1,B3,13,0.1,1.18643288820946,13.74803121913858,0.975124873120859,0.14244914653760948
PE(18:0_18:1),C41 H80 N O7 P,729.56465,15.276,249056022.187329,Area: standard13B3.raw (F19),137019.151948384,19,15.36,PEp,18:0_18:1,36_1,36,1,B3,13,0.1,1.2287043686823633,14.216302787827248,0.9780766262662444,0.14315061025363376
PC(18:1_18:1),C44 H84 N O8 P,785.58981000000006,11.277,998620005.120719,Area: standard13B3.raw (F19),857164.573199386,20,11.462,PC,18:1_18:1,36_2,36,2,B3,13,0.1,1.1729558087543293,15.591708402124302,0.9675836020141986,0.1928791761681846
PI(34:2),C43 H79 O13 P,834.52455,8.354,88157750.9432684,Area: standard13B3.raw (F19),35611.1207543771,29,8.31,PI,16:0_18:2,34_2,34,2,B3,13,0.1,1.2157441180432402,13.118700574207326,0.9833773231149067,0.1141661044199184
TG(18:1_18:1_18:1) +NH4,C57 H107 N O6,901.80726,21.343,310832446.923526,Area: standard13B3.raw (F19),1135395.92382301,24,21.312,TG,18:1_18:1_18:1,54_3,54,3,B3,13,0.1,0.9577345015024867,15.62072641316727,0.9720883936928404,0.17337539851235062
LPC(18:1),C26 H52 N O7 P,521.3465,3.238,414092750.584583,Area: standard13B4.raw (F20),95102.8322092926,32,3.061,LPC,18:01,18_1,18,1,B4,13,0.1,1.1925999734337,14.589882377109294,0.9399089080489595,0.07264697219685233
PE(16:0_18:1),C39 H76 N O8 P,717.52932,11.847,170714421.761119,Area: standard13B4.raw (F20),24310.3809884172,32,11.847,PE,16:0_18:1,34_1,34,1,B4,13,0.1,1.18643288820946,13.74803121913858,0.975124873120859,0.046147160063151664
PE(18:0_18:1),C41 H80 N O7 P,729.56656,15.619,249383434.16463,Area: standard13B4.raw (F20),53906.3821315023,13,15.36,PEp,18:0_18:1,36_1,36,1,B4,13,0.1,1.2287043686823633,14.216302787827248,0.9780766262662444,0.06699816063256715
PC(18:1_18:1),C44 H84 N O8 P,785.59252,11.635,775555808.591492,Area: standard13B4.raw (F20),261245.845715309,12,11.462,PC,18:1_18:1,36_2,36,2,B4,13,0.1,1.1729558087543293,15.591708402124302,0.9675836020141986,0.07004198347789647
TG(18:1_18:1_18:1) +NH4,C57 H107 N O6,901.80726,21.343,310832446.923526,Area: standard13B4.raw (F20),479246.277237343,24,21.312,TG,18:1_18:1_18:1,54_3,54,3,B4,13,0.1,0.9577345015024867,15.62072641316727,0.9720883936928404,0.07044789672317339
LPC(18:1),C26 H52 N O7 P,521.3465,3.238,414092750.584583,Area: Standard14B1.raw (F21),1696733.23831622,32,3.061,LPC,18:01,18_1,18,1,B1,14,1,1.1925999734337,14.589882377109294,0.9399089080489595,0.8138389130522414
Cer(d18:1_17:0),C35 H69 N O3,551.52663,12.306,38110154.6493222,Area: Standard14B1.raw (F21),29578.3576723322,24,12.21,Cer,18:1_17:0,35_1,35,1,B1,14,1,1.4899067331041478,11.111911564326087,0.9445085017026763,0.5778548586079244
DG(18:1_18:1) +NH4,C39 H75 N O5,637.56369,15.35,365217.029557479,Area: Standard14B1.raw (F21),210590.46051497,12,15.418,DG,18:1_18:1,36_2,36,2,B1,14,1,1.3519306673506046,12.729235584841016,0.9412900185659857,0.7055281760454574
SM(35_1),C40 H81 N2 O6 P,716.5815,10.127,13983290.9205087,Area: Standard14B1.raw (F21),17606.7198677235,21,9.98,SM,18:1_17:0,35_1,35,1,B1,14,1,1.3821308174287905,10.58989511488896,0.9101563033057309,0.5549685551703316
PE(16:0_18:1),C39 H76 N O8 P,717.52932,11.847,170714421.761119,Area: Standard14B1.raw (F21),615491.030895422,32,11.847,PE,16:0_18:1,34_1,34,1,B1,14,1,1.18643288820946,13.74803121913858,0.975124873120859,0.7031430931325231
PE(18:0_18:1),C41 H80 N O7 P,729.56656,15.619,249383434.16463,Area: Standard14B1.raw (F21),1092097.89282597,13,15.36,PEp,18:0_18:1,36_1,36,1,B1,14,1,1.2287043686823633,14.216302787827248,0.9780766262662444,0.7753126035473619
PS(34:0_17:0),C40 H78 N O10 P,763.53502,12.132,95165866.063891,Area: Standard14B1.raw (F21),468788.164591447,26,12.03,PS,17:0_17:0,34_0,34,0,B1,14,1,1.2107601666199124,13.214162133719759,0.9631241376520957,0.8789247451738047
PG(18:0_18:1),C42 H81 O10 P,776.55601,12.534,29699714.7281424,Area: Standard14B1.raw (F21),161706.144274872,24,12.404,PG,18:1_18:0,36_1,36,1,B1,14,1,1.1823124317065072,12.086211591044925,0.9608186089647072,0.9246083929684975
PC(18:1_18:1),C44 H84 N O8 P,785.58981000000006,11.277,998620005.120719,Area: Standard14B1.raw (F21),5491574.03332735,20,11.462,PC,18:1_18:1,36_2,36,2,B1,14,1,1.1729558087543293,15.591708402124302,0.9675836020141986,0.9396748453848518
PI(34:2),C43 H79 O13 P,834.52455,8.354,88157750.9432684,Area: Standard14B1.raw (F21),492790.14871185,29,8.31,PI,16:0_18:2,34_2,34,2,B1,14,1,1.2157441180432402,13.118700574207326,0.9833773231149067,0.991105450712301
TG(18:1_18:1_18:1) +NH4,C57 H107 N O6,901.80726,21.343,310832446.923526,Area: Standard14B1.raw (F21),3721223.8163319,24,21.312,TG,18:1_18:1_18:1,54_3,54,3,B1,14,1,0.9577345015024867,15.62072641316727,0.9720883936928404,0.5987934057995732
LPC(18:1),C26 H52 N O7 P,521.3465,3.238,414092750.584583,Area: standard14B2.raw (F22),2949925.56948595,32,3.061,LPC,18:01,18_1,18,1,B2,14,1,1.1925999734337,14.589882377109294,0.9399089080489595,1.2940320676508767
Cer(d18:1_17:0),C35 H69 N O3,551.52663,12.306,38110154.6493222,Area: standard14B2.raw (F22),108335.244648727,24,12.21,Cer,18:1_17:0,35_1,35,1,B2,14,1,1.4899067331041478,11.111911564326087,0.9445085017026763,1.3811118127111819
DG(18:1-18:1),C39 H72 O5,620.53639,15.437,91630618.2585435,Area: standard14B2.raw (F22),793122.187365385,19,15.418,DG,18:1_18:1,36_2,36,2,B2,14,1,1.3519306673506046,12.729235584841016,0.9412900185659857,1.8814764437205822
SM(35_1),C40 H81 N2 O6 P,716.5815,10.127,13983290.9205087,Area: standard14B2.raw (F22),63378.090670056,21,9.98,SM,18:1_17:0,35_1,35,1,B2,14,1,1.3821308174287905,10.58989511488896,0.9101563033057309,1.4019560596964962
PE(16:0_18:1),C39 H76 N O8 P,717.52932,11.847,170714421.761119,Area: standard14B2.raw (F22),1258513.82833569,32,11.847,PE,16:0_18:1,34_1,34,1,B2,14,1,1.18643288820946,13.74803121913858,0.975124873120859,1.2848943737024232
PE(18:0_18:1),C41 H80 N O7 P,729.56465,15.276,249056022.187329,Area: standard14B2.raw (F22),1891295.48893075,19,15.36,PEp,18:0_18:1,36_1,36,1,B2,14,1,1.2287043686823633,14.216302787827248,0.9780766262662444,1.212221468081902
PS(34:0_17:0),C40 H78 N O10 P,763.53502,12.132,95165866.063891,Area: standard14B2.raw (F22),703460.734215616,26,12.03,PS,17:0_17:0,34_0,34,0,B2,14,1,1.2107601666199124,13.214162133719759,0.9631241376520957,1.2289446328751916
PG(18:0_18:1),C42 H81 O10 P,776.55601,12.534,29699714.7281424,Area: standard14B2.raw (F22),254672.756004394,24,12.404,PG,18:1_18:0,36_1,36,1,B2,14,1,1.1823124317065072,12.086211591044925,0.9608186089647072,1.3576785350206617
PC(18:1_18:1),C44 H84 N O8 P,785.58981000000006,11.277,998620005.120719,Area: standard14B2.raw (F22),8966273.76414117,20,11.462,PC,18:1_18:1,36_2,36,2,B2,14,1,1.1729558087543293,15.591708402124302,0.9675836020141986,1.4272425454320432
PI(34:2),C43 H79 O13 P,834.52455,8.354,88157750.9432684,Area: standard14B2.raw (F22),717121.838522637,29,8.31,PI,16:0_18:2,34_2,34,2,B2,14,1,1.2157441180432402,13.118700574207326,0.9833773231149067,1.3493894743945691
TG(18:1_18:1_18:1) +NH4,C57 H107 N O6,901.80726,21.343,310832446.923526,Area: standard14B2.raw (F22),6806223.22300678,24,21.312,TG,18:1_18:1_18:1,54_3,54,3,B2,14,1,0.9577345015024867,15.62072641316727,0.9720883936928404,1.1247846389453124
LPC(18:1),C26 H52 N O7 P,521.3465,3.238,414092750.584583,Area: standard14B3.raw (F23),3562260.34205431,32,3.061,LPC,18:01,18_1,18,1,B3,14,1,1.1925999734337,14.589882377109294,0.9399089080489595,1.515761134149876
Cer(d18:1_17:0),C35 H69 N O3,551.52663,12.306,38110154.6493222,Area: standard14B3.raw (F23),133911.806397901,24,12.21,Cer,18:1_17:0,35_1,35,1,B3,14,1,1.4899067331041478,11.111911564326087,0.9445085017026763,1.592247686641569
DG(18:1_18:1) +NH4,C39 H75 N O5,637.56369,15.35,365217.029557479,Area: standard14B3.raw (F23),220681.897952598,12,15.418,DG,18:1_18:1,36_2,36,2,B3,14,1,1.3519306673506046,12.729235584841016,0.9412900185659857,0.7303829868558807
PE(16:0_18:1),C39 H76 N O8 P,717.52932,11.847,170714421.761119,Area: standard14B3.raw (F23),1246880.66302005,32,11.847,PE,16:0_18:1,34_1,34,1,B3,14,1,1.18643288820946,13.74803121913858,0.975124873120859,1.2748763839773571
PE(18:0_18:1),C41 H80 N O7 P,729.56465,15.276,249056022.187329,Area: standard14B3.raw (F23),1867514.2647638,19,15.36,PEp,18:0_18:1,36_1,36,1,B3,14,1,1.2287043686823633,14.216302787827248,0.9780766262662444,1.19980151778739
PS(34:0_17:0),C40 H78 N O10 P,763.53502,12.132,95165866.063891,Area: standard14B3.raw (F23),684925.783627881,26,12.03,PS,17:0_17:0,34_0,34,0,B3,14,1,1.2107601666199124,13.214162133719759,0.9631241376520957,1.2021386974716832
PG(18:0_18:1),C42 H81 O10 P,776.55601,12.534,29699714.7281424,Area: standard14B3.raw (F23),324484.862525688,24,12.404,PG,18:1_18:0,36_1,36,1,B3,14,1,1.1823124317065072,12.086211591044925,0.9608186089647072,1.666422937538003
PC(18:1_18:1),C44 H84 N O8 P,785.58981000000006,11.277,998620005.120719,Area: standard14B3.raw (F23),9607042.7092738,20,11.462,PC,18:1_18:1,36_2,36,2,B3,14,1,1.1729558087543293,15.591708402124302,0.9675836020141986,1.5137536567772143
PI(34:2),C43 H79 O13 P,834.52455,8.354,88157750.9432684,Area: standard14B3.raw (F23),768562.087205709,29,8.31,PI,16:0_18:2,34_2,34,2,B3,14,1,1.2157441180432402,13.118700574207326,0.9833773231149067,1.4285133694383192
TG(18:1_18:1_18:1) +NH4,C57 H107 N O6,901.80726,21.343,310832446.923526,Area: standard14B3.raw (F23),7436035.27536008,24,21.312,TG,18:1_18:1_18:1,54_3,54,3,B3,14,1,0.9577345015024867,15.62072641316727,0.9720883936928404,1.2336751142741778
LPC(18:1),C26 H52 N O7 P,521.3465,3.238,414092750.584583,Area: standard14B4.raw (F24),1253120.44805308,32,3.061,LPC,18:01,18_1,18,1,B4,14,1,1.1925999734337,14.589882377109294,0.9399089080489595,0.6312100552622131
Cer(d18:1_17:0),C35 H69 N O3,551.52663,12.306,38110154.6493222,Area: standard14B4.raw (F24),77907.7132398613,24,12.21,Cer,18:1_17:0,35_1,35,1,B4,14,1,1.4899067331041478,11.111911564326087,0.9445085017026763,1.1069362629752884
DG(18:1_18:1) +NH4,C39 H75 N O5,637.56369,15.35,365217.029557479,Area: standard14B4.raw (F24),168213.676652725,12,15.418,DG,18:1_18:1,36_2,36,2,B4,14,1,1.3519306673506046,12.729235584841016,0.9412900185659857,0.5975001720627063
PE(16:0_18:1),C39 H76 N O8 P,717.52932,11.847,170714421.761119,Area: standard14B4.raw (F24),640794.32816084,32,11.847,PE,16:0_18:1,34_1,34,1,B4,14,1,1.18643288820946,13.74803121913858,0.975124873120859,0.7274300281859091
PE(18:0_18:1),C41 H80 N O7 P,729.56656,15.619,249383434.16463,Area: standard14B4.raw (F24),1002611.97065043,13,15.36,PEp,18:0_18:1,36_1,36,1,B4,14,1,1.2287043686823633,14.216302787827248,0.9780766262662444,0.7232011235839283
PS(34:0_17:0),C40 H78 N O10 P,763.53502,12.132,95165866.063891,Area: standard14B4.raw (F24),353379.035023191,26,12.03,PS,17:0_17:0,34_0,34,0,B4,14,1,1.2107601666199124,13.214162133719759,0.9631241376520957,0.6959543972547627
PG(18:0_18:1),C42 H81 O10 P,776.55601,12.534,29699714.7281424,Area: standard14B4.raw (F24),85986.1567993098,24,12.404,PG,18:1_18:0,36_1,36,1,B4,14,1,1.1823124317065072,12.086211591044925,0.9608186089647072,0.5419466837828384
PC(18:1_18:1),C44 H84 N O8 P,785.59252,11.635,775555808.591492,Area: standard14B4.raw (F24),3247358.4329347,12,11.462,PC,18:1_18:1,36_2,36,2,B4,14,1,1.1729558087543293,15.591708402124302,0.9675836020141986,0.6004195560173674
PI(34:2),C43 H79 O13 P,834.52455,8.354,88157750.9432684,Area: standard14B4.raw (F24),394577.16465755,29,8.31,PI,16:0_18:2,34_2,34,2,B4,14,1,1.2157441180432402,13.118700574207326,0.9833773231149067,0.8255053184330504
TG(18:1_18:1_18:1) +NH4,C57 H107 N O6,901.80726,21.343,310832446.923526,Area: standard14B4.raw (F24),3009552.68013572,24,21.312,TG,18:1_18:1_18:1,54_3,54,3,B4,14,1,0.9577345015024867,15.62072641316727,0.9720883936928404,0.4797610971852026
FA(18:1),C18 H34 O2,282.25545,4.875,699159.20364585,Area: Standard15B1.raw (F25),30793.393154808,16,4.84,FA,18:01,18_1,18,1,B1,15,10,1.5445883525911401,6.561239407754413,0.7169625691734415,11.51039279038875
LPC(18:1),C26 H52 N O7 P,521.3465,3.238,414092750.584583,Area: Standard15B1.raw (F25),25700783.1870001,32,3.061,LPC,18:01,18_1,18,1,B1,15,10,1.1925999734337,14.589882377109294,0.9399089080489595,7.947899516608131
Cer(d18:1_17:0),C35 H69 N O3,551.52663,12.306,38110154.6493222,Area: Standard15B1.raw (F25),1092326.54063247,24,12.21,Cer,18:1_17:0,35_1,35,1,B1,15,10,1.4899067331041478,11.111911564326087,0.9445085017026763,6.513530502025407
DG(18:1-18:1),C39 H72 O5,620.53639,15.437,91630618.2585435,Area: Standard15B1.raw (F25),6863048.34862155,19,15.418,DG,18:1_18:1,36_2,36,2,B1,15,10,1.3519306673506046,12.729235584841016,0.9412900185659857,9.283517459700066
SM(35_1),C40 H81 N2 O6 P,716.5815,10.127,13983290.9205087,Area: Standard15B1.raw (F25),770908.827328616,21,9.98,SM,18:1_17:0,35_1,35,1,B1,15,10,1.3821308174287905,10.58989511488896,0.9101563033057309,8.54673757787242
PE(16:0_18:1),C39 H76 N O8 P,717.52932,11.847,170714421.761119,Area: Standard15B1.raw (F25),10638640.9430024,32,11.847,PE,16:0_18:1,34_1,34,1,B1,15,10,1.18643288820946,13.74803121913858,0.975124873120859,7.766491362812042
PE(18:0_18:1),C41 H80 N O7 P,729.56656,15.619,249383434.16463,Area: Standard15B1.raw (F25),17190113.8263773,13,15.36,PEp,18:0_18:1,36_1,36,1,B1,15,10,1.2287043686823633,14.216302787827248,0.9780766262662444,7.306135786415888
PS(34:0_17:0),C40 H78 N O10 P,763.53502,12.132,95165866.063891,Area: Standard15B1.raw (F25),7755988.51742494,26,12.03,PS,17:0_17:0,34_0,34,0,B1,15,10,1.2107601666199124,13.214162133719759,0.9631241376520957,8.922299741764387
PG(18:0_18:1),C42 H81 O10 P,776.55601,12.534,29699714.7281424,Area: Standard15B1.raw (F25),2223383.93721944,24,12.404,PG,18:1_18:0,36_1,36,1,B1,15,10,1.1823124317065072,12.086211591044925,0.9608186089647072,8.48636901622273
PC(18:1_18:1),C44 H84 N O8 P,785.59252,11.635,775555808.591492,Area: Standard15B1.raw (F25),57669314.2303811,12,11.462,PC,18:1_18:1,36_2,36,2,B1,15,10,1.1729558087543293,15.591708402124302,0.9675836020141986,6.976530716667217
PI(34:2),C43 H79 O13 P,834.52455,8.354,88157750.9432684,Area: Standard15B1.raw (F25),6452513.66073698,29,8.31,PI,16:0_18:2,34_2,34,2,B1,15,10,1.2157441180432402,13.118700574207326,0.9833773231149067,8.22155127154037
TG(18:1_18:1_18:1) +NH4,C57 H107 N O6,901.80726,21.343,310832446.923526,Area: Standard15B1.raw (F25),77583768.7887746,24,21.312,TG,18:1_18:1_18:1,54_3,54,3,B1,15,10,0.9577345015024867,15.62072641316727,0.9720883936928404,14.274938435937763
FA(18:1),C18 H34 O2,282.25545,4.875,699159.20364585,Area: standard15B2.raw (F26),26574.4077805022,16,4.84,FA,18:01,18_1,18,1,B2,15,10,1.5445883525911401,6.561239407754413,0.7169625691734415,10.46306857368884
LPC(18:1),C26 H52 N O7 P,521.3465,3.238,414092750.584583,Area: standard15B2.raw (F26),42382061.8566493,32,3.061,LPC,18:01,18_1,18,1,B2,15,10,1.1925999734337,14.589882377109294,0.9399089080489595,12.0894186775214
Cer(d18:1_17:0),C35 H69 N O3,551.52663,12.306,38110154.6493222,Area: standard15B2.raw (F26),1767322.33914423,24,12.21,Cer,18:1_17:0,35_1,35,1,B2,15,10,1.4899067331041478,11.111911564326087,0.9445085017026763,8.996405929794973
DG(18:1-18:1),C39 H72 O5,620.53639,15.437,91630618.2585435,Area: standard15B2.raw (F26),10821162.9947154,19,15.418,DG,18:1_18:1,36_2,36,2,B2,15,10,1.3519306673506046,12.729235584841016,0.9412900185659857,13.001394664210123
SM(35_1),C40 H81 N2 O6 P,716.5815,10.127,13983290.9205087,Area: standard15B2.raw (F26),1191266.8184256,21,9.98,SM,18:1_17:0,35_1,35,1,B2,15,10,1.3821308174287905,10.58989511488896,0.9101563033057309,11.709816971254236
PE(16:0_18:1),C39 H76 N O8 P,717.52932,11.847,170714421.761119,Area: standard15B2.raw (F26),12485247.8129339,32,11.847,PE,16:0_18:1,34_1,34,1,B2,15,10,1.18643288820946,13.74803121913858,0.975124873120859,8.888185378584517
PE(18:0_18:1),C41 H80 N O7 P,729.56465,15.276,249056022.187329,Area: standard15B2.raw (F26),26160944.0380417,19,15.36,PEp,18:0_18:1,36_1,36,1,B2,15,10,1.2287043686823633,14.216302787827248,0.9780766262662444,10.28291317014919
PS(34:0_17:0),C40 H78 N O10 P,763.53502,12.132,95165866.063891,Area: standard15B2.raw (F26),9265781.58935075,26,12.03,PS,17:0_17:0,34_0,34,0,B2,15,10,1.2107601666199124,13.214162133719759,0.9631241376520957,10.334167345769727
PG(18:0_18:1),C42 H81 O10 P,776.55601,12.534,29699714.7281424,Area: standard15B2.raw (F26),2737479.28331056,24,12.404,PG,18:1_18:0,36_1,36,1,B2,15,10,1.1823124317065072,12.086211591044925,0.9608186089647072,10.118786474355456
PC(18:1_18:1),C44 H84 N O8 P,785.58981000000006,11.277,998620005.120719,Area: standard15B2.raw (F26),84995107.3821119,20,11.462,PC,18:1_18:1,36_2,36,2,B2,15,10,1.1729558087543293,15.591708402124302,0.9675836020141986,9.710695271597105
PI(34:2),C43 H79 O13 P,834.52455,8.354,88157750.9432684,Area: standard15B2.raw (F26),8012721.23476557,29,8.31,PI,16:0_18:2,34_2,34,2,B2,15,10,1.2157441180432402,13.118700574207326,0.9833773231149067,9.824596075365525
FA(18:1),C18 H34 O2,282.25545,4.875,699159.20364585,Area: standard15B3.raw (F27),37839.5909788153,16,4.84,FA,18:01,18_1,18,1,B3,15,10,1.5445883525911401,6.561239407754413,0.7169625691734415,13.153071777750716
LPC(18:1),C26 H52 N O7 P,521.34592,3.541,8161572.83019903,Area: standard15B3.raw (F27),2755365.03095621,2,3.061,LPC,18:01,18_1,18,1,B3,15,10,1.1925999734337,14.589882377109294,0.9399089080489595,1.222076956152443
LPC(18:1),C26 H52 N O7 P,521.3465,3.238,414092750.584583,Area: standard15B3.raw (F27),49068013.0847859,32,3.061,LPC,18:01,18_1,18,1,B3,15,10,1.1925999734337,14.589882377109294,0.9399089080489595,13.669355077993243
Cer(d18:1_17:0),C35 H69 N O3,551.52663,12.306,38110154.6493222,Area: standard15B3.raw (F27),2151706.92816909,24,12.21,Cer,18:1_17:0,35_1,35,1,B3,15,10,1.4899067331041478,11.111911564326087,0.9445085017026763,10.266756746592506
DG(18:1-18:1),C39 H72 O5,620.53639,15.437,91630618.2585435,Area: standard15B3.raw (F27),16127920.7312295,19,15.418,DG,18:1_18:1,36_2,36,2,B3,15,10,1.3519306673506046,12.729235584841016,0.9412900185659857,17.46546987743684
SM(35_1),C40 H81 N2 O6 P,716.5815,10.127,13983290.9205087,Area: standard15B3.raw (F27),216007.414359044,21,9.98,SM,18:1_17:0,35_1,35,1,B3,15,10,1.3821308174287905,10.58989511488896,0.9101563033057309,3.404320381334422
PE(16:0_18:1),C39 H76 N O8 P,717.52932,11.847,170714421.761119,Area: standard15B3.raw (F27),14053690.3767271,32,11.847,PE,16:0_18:1,34_1,34,1,B3,15,10,1.18643288820946,13.74803121913858,0.975124873120859,9.820430493967118
PE(18:0_18:1),C41 H80 N O7 P,729.56465,15.276,249056022.187329,Area: standard15B3.raw (F27),24359545.227279,19,15.36,PEp,18:0_18:1,36_1,36,1,B3,15,10,1.2287043686823633,14.216302787827248,0.9780766262662444,9.702846716499662
PS(34:0_17:0),C40 H78 N O10 P,763.53502,12.132,95165866.063891,Area: standard15B3.raw (F27),8696855.07947848,26,12.03,PS,17:0_17:0,34_0,34,0,B3,15,10,1.2107601666199124,13.214162133719759,0.9631241376520957,9.807224384308395
PG(18:0_18:1),C42 H81 O10 P,776.55601,12.534,29699714.7281424,Area: standard15B3.raw (F27),2986061.12539941,24,12.404,PG,18:1_18:0,36_1,36,1,B3,15,10,1.1823124317065072,12.086211591044925,0.9608186089647072,10.890694352984877
PC(18:1_18:1),C44 H84 N O8 P,785.58981000000006,11.277,998620005.120719,Area: standard15B3.raw (F27),95957337.2681269,20,11.462,PC,18:1_18:1,36_2,36,2,B3,15,10,1.1729558087543293,15.591708402124302,0.9675836020141986,10.768770876855703
PI(34:2),C43 H79 O13 P,834.52455,8.354,88157750.9432684,Area: standard15B3.raw (F27),9002461.95622995,29,8.31,PI,16:0_18:2,34_2,34,2,B3,15,10,1.2157441180432402,13.118700574207326,0.9833773231149067,10.812344899982481
TG(18:1_18:1_18:1) +NH4,C57 H107 N O6,901.80726,21.343,310832446.923526,Area: standard15B3.raw (F27),66149990.6455799,24,21.312,TG,18:1_18:1_18:1,54_3,54,3,B3,15,10,0.9577345015024867,15.62072641316727,0.9720883936928404,12.08585837087501
FA(18:1),C18 H34 O2,282.25545,4.875,699159.20364585,Area: standard15B4.raw (F28),12803.2949982825,16,4.84,FA,18:01,18_1,18,1,B4,15,10,1.5445883525911401,6.561239407754413,0.7169625691734415,6.521305774680032
LPC(18:1),C26 H52 N O7 P,521.3465,3.238,414092750.584583,Area: standard15B4.raw (F28),17030329.6075539,32,3.061,LPC,18:01,18_1,18,1,B4,15,10,1.1925999734337,14.589882377109294,0.9399089080489595,5.628493117161362
Cer(d18:1_17:0),C35 H69 N O3,551.52663,12.306,38110154.6493222,Area: standard15B4.raw (F28),1049192.25751887,24,12.21,Cer,18:1_17:0,35_1,35,1,B4,15,10,1.4899067331041478,11.111911564326087,0.9445085017026763,6.33975520101597
DG(18:1-18:1),C39 H72 O5,620.53639,15.437,91630618.2585435,Area: standard15B4.raw (F28),5385639.14983779,19,15.418,DG,18:1_18:1,36_2,36,2,B4,15,10,1.3519306673506046,12.729235584841016,0.9412900185659857,7.7595919757071
SM(35_1),C40 H81 N2 O6 P,716.5815,10.127,13983290.9205087,Area: standard15B4.raw (F28),364373.06800879,21,9.98,SM,18:1_17:0,35_1,35,1,B4,15,10,1.3821308174287905,10.58989511488896,0.9101563033057309,4.9696492135283
PE(16:0_18:1),C39 H76 N O8 P,717.52932,11.847,170714421.761119,Area: standard15B4.raw (F28),7110137.06015682,32,11.847,PE,16:0_18:1,34_1,34,1,B4,15,10,1.18643288820946,13.74803121913858,0.975124873120859,5.5298964803495725
PE(18:0_18:1),C41 H80 N O7 P,729.56656,15.619,249383434.16463,Area: standard15B4.raw (F28),11927010.5663165,13,15.36,PEp,18:0_18:1,36_1,36,1,B4,15,10,1.2287043686823633,14.216302787827248,0.9780766262662444,5.426114132228394
PS(34:0_17:0),C40 H78 N O10 P,763.53502,12.132,95165866.063891,Area: standard15B4.raw (F28),4359605.51992108,26,12.03,PS,17:0_17:0,34_0,34,0,B4,15,10,1.2107601666199124,13.214162133719759,0.9631241376520957,5.54418945151256
PG(18:0_18:1),C42 H81 O10 P,776.55601,12.534,29699714.7281424,Area: standard15B4.raw (F28),1889636.35244669,24,12.404,PG,18:1_18:0,36_1,36,1,B4,15,10,1.1823124317065072,12.086211591044925,0.9608186089647072,7.395674380750519
PC(18:1_18:1),C44 H84 N O8 P,785.59252,11.635,775555808.591492,Area: standard15B4.raw (F28),34547997.3547306,12,11.462,PC,18:1_18:1,36_2,36,2,B4,15,10,1.1729558087543293,15.591708402124302,0.9675836020141986,4.507431299003886
PI(34:2),C43 H79 O13 P,834.52455,8.354,88157750.9432684,Area: standard15B4.raw (F28),4489307.19738609,29,8.31,PI,16:0_18:2,34_2,34,2,B4,15,10,1.2157441180432402,13.118700574207326,0.9833773231149067,6.100461313128351
TG(18:1_18:1_18:1) +NH4,C57 H107 N O6,901.80726,21.343,310832446.923526,Area: standard15B4.raw (F28),29947396.113972,24,21.312,TG,18:1_18:1_18:1,54_3,54,3,B4,15,10,0.9577345015024867,15.62072641316727,0.9720883936928404,5.283458300694613
FA(18:1),C18 H34 O2,282.25545,4.875,699159.20364585,Area: Standard16B1.raw (F29),440280.016805718,16,4.84,FA,18:01,18_1,18,1,B1,16,50,1.5445883525911401,6.561239407754413,0.7169625691734415,64.4225517323345
LPC(18:1),C26 H52 N O7 P,521.3465,3.238,414092750.584583,Area: Standard16B1.raw (F29),346513084.167424,32,3.061,LPC,18:01,18_1,18,1,B1,16,50,1.1925999734337,14.589882377109294,0.9399089080489595,70.39988117638195
Cer(d18:1_17:0),C35 H69 N O3,551.52663,12.306,38110154.6493222,Area: Standard16B1.raw (F29),27121183.4598646,24,12.21,Cer,18:1_17:0,35_1,35,1,B1,16,50,1.4899067331041478,11.111911564326087,0.9445085017026763,56.245429679325525
DG(18:1-18:1),C39 H72 O5,620.53639,15.437,91630618.2585435,Area: Standard16B1.raw (F29),91630618.2585435,19,15.418,DG,18:1_18:1,36_2,36,2,B1,16,50,1.3519306673506046,12.729235584841016,0.9412900185659857,63.13106141058295
SM(35_1),C40 H81 N2 O6 P,716.5815,10.127,13983290.9205087,Area: Standard16B1.raw (F29),11662260.3456018,21,9.98,SM,18:1_17:0,35_1,35,1,B1,16,50,1.3821308174287905,10.58989511488896,0.9101563033057309,61.00918096877273
PE(16:0_18:1),C39 H76 N O8 P,717.52932,11.847,170714421.761119,Area: Standard16B1.raw (F29),136029554.686965,32,11.847,PE,16:0_18:1,34_1,34,1,B1,16,50,1.18643288820946,13.74803121913858,0.975124873120859,66.53661576869581
PE(18:0_18:1),C41 H80 N O7 P,729.56656,15.619,249383434.16463,Area: Standard16B1.raw (F29),209627148.533619,13,15.36,PEp,18:0_18:1,36_1,36,1,B1,16,50,1.2287043686823633,14.216302787827248,0.9780766262662444,55.93491053712216
PS(34:0_17:0),C40 H78 N O10 P,763.53502,12.132,95165866.063891,Area: Standard16B1.raw (F29),62300032.5963446,26,12.03,PS,17:0_17:0,34_0,34,0,B1,16,50,1.2107601666199124,13.214162133719759,0.9631241376520957,49.86756263009545
PG(18:0_18:1),C42 H81 O10 P,776.55601,12.534,29699714.7281424,Area: Standard16B1.raw (F29),22431097.3285179,24,12.404,PG,18:1_18:0,36_1,36,1,B1,16,50,1.1823124317065072,12.086211591044925,0.9608186089647072,59.946878237863686
PC(18:1_18:1),C44 H84 N O8 P,785.59252,11.635,775555808.591492,Area: Standard16B1.raw (F29),762977262.677581,12,11.462,PC,18:1_18:1,36_2,36,2,B1,16,50,1.1729558087543293,15.591708402124302,0.9675836020141986,63.070746457026615
PC(18:1_20:4),C46 H82 N O8 P,807.57401,11.819,12196817.9939931,Area: Standard16B1.raw (F29),5349882.63740097,6,11.498,PCp,18:1_20:4,38_4,38,4,B1,16,50,0.4046004170167451,15.453404727350827,0,1.101681230926931
PI(34:2),C43 H79 O13 P,834.52455,8.354,88157750.9432684,Area: Standard16B1.raw (F29),67216452.4514768,29,8.31,PI,16:0_18:2,34_2,34,2,B1,16,50,1.2157441180432402,13.118700574207326,0.9833773231149067,56.50574920925468
TG(18:1_18:1_18:1) +NH4,C57 H107 N O6,901.80726,21.343,310832446.923526,Area: Standard16B1.raw (F29),285539465.385645,24,21.312,TG,18:1_18:1_18:1,54_3,54,3,B1,16,50,0.9577345015024867,15.62072641316727,0.9720883936928404,55.647142813450834
FA(18:1),C18 H34 O2,282.25545,4.875,699159.20364585,Area: standard16B2.raw (F30),434947.736281031,16,4.84,FA,18:01,18_1,18,1,B2,16,50,1.5445883525911401,6.561239407754413,0.7169625691734415,63.91633030280912
LPC(18:1),C26 H52 N O7 P,521.3465,3.238,414092750.584583,Area: standard16B2.raw (F30),330411632.537604,32,3.061,LPC,18:01,18_1,18,1,B2,16,50,1.1925999734337,14.589882377109294,0.9399089080489595,67.64641997473598
Cer(d18:1_17:0),C35 H69 N O3,551.52663,12.306,38110154.6493222,Area: standard16B2.raw (F30),26143616.9120093,24,12.21,Cer,18:1_17:0,35_1,35,1,B2,16,50,1.4899067331041478,11.111911564326087,0.9445085017026763,54.87652373181999
DG(18:1-18:1),C39 H72 O5,620.53639,15.437,91630618.2585435,Area: standard16B2.raw (F30),83623816.7734133,19,15.418,DG,18:1_18:1,36_2,36,2,B2,16,50,1.3519306673506046,12.729235584841016,0.9412900185659857,59.00241885017623
SM(35_1),C40 H81 N2 O6 P,716.5815,10.127,13983290.9205087,Area: standard16B2.raw (F30),9807608.56549308,21,9.98,SM,18:1_17:0,35_1,35,1,B2,16,50,1.3821308174287905,10.58989511488896,0.9101563033057309,53.82354088428136
PE(16:0_18:1),C39 H76 N O8 P,717.52932,11.847,170714421.761119,Area: standard16B2.raw (F30),129620493.692136,32,11.847,PE,16:0_18:1,34_1,34,1,B2,16,50,1.18643288820946,13.74803121913858,0.975124873120859,63.88437331388287
PE(18:0_18:1),C41 H80 N O7 P,729.56465,15.276,249056022.187329,Area: standard16B2.raw (F30),219015997.559482,19,15.36,PEp,18:0_18:1,36_1,36,1,B2,16,50,1.2287043686823633,14.216302787827248,0.9780766262662444,57.965479448592944
PS(34:0_17:0),C40 H78 N O10 P,763.53502,12.132,95165866.063891,Area: standard16B2.raw (F30),68812355.2824961,26,12.03,PS,17:0_17:0,34_0,34,0,B2,16,50,1.2107601666199124,13.214162133719759,0.9631241376520957,54.13525144543623
PG(18:0_18:1),C42 H81 O10 P,776.55601,12.534,29699714.7281424,Area: standard16B2.raw (F30),24822735.90087,24,12.404,PG,18:1_18:0,36_1,36,1,B2,16,50,1.1823124317065072,12.086211591044925,0.9608186089647072,65.3102037836708
PC(18:1_18:1),C44 H84 N O8 P,785.58981000000006,11.277,998620005.120719,Area: standard16B2.raw (F30),823404033.362013,20,11.462,PC,18:1_18:1,36_2,36,2,B2,16,50,1.1729558087543293,15.591708402124302,0.9675836020141986,67.30517635675346
PI(34:2),C43 H79 O13 P,834.52455,8.354,88157750.9432684,Area: standard16B2.raw (F30),76765038.2110509,29,8.31,PI,16:0_18:2,34_2,34,2,B2,16,50,1.2157441180432402,13.118700574207326,0.9833773231149067,63.02942072983338
TG(18:1_18:1_18:1) +NH4,C57 H107 N O6,901.80726,21.343,310832446.923526,Area: standard16B2.raw (F30),234631787.133553,24,21.312,TG,18:1_18:1_18:1,54_3,54,3,B2,16,50,0.9577345015024867,15.62072641316727,0.9720883936928404,45.3315054027962
FA(18:1),C18 H34 O2,282.25545,4.875,699159.20364585,Area: standard16B3.raw (F31),641821.329581704,16,4.84,FA,18:01,18_1,18,1,B3,16,50,1.5445883525911401,6.561239407754413,0.7169625691734415,82.2263955545412
LPC(18:1),C26 H52 N O7 P,521.3465,3.238,414092750.584583,Area: standard16B3.raw (F31),414092750.584583,32,3.061,LPC,18:01,18_1,18,1,B3,16,50,1.1925999734337,14.589882377109294,0.9399089080489595,81.74358672642876
Cer(d18:1_17:0),C35 H69 N O3,551.52663,12.306,38110154.6493222,Area: standard16B3.raw (F31),38110154.6493222,24,12.21,Cer,18:1_17:0,35_1,35,1,B3,16,50,1.4899067331041478,11.111911564326087,0.9445085017026763,70.6712037710215
DG(18:1-18:1),C39 H72 O5,620.53639,15.437,91630618.2585435,Area: standard16B3.raw (F31),90552095.3535993,19,15.418,DG,18:1_18:1,36_2,36,2,B3,16,50,1.3519306673506046,12.729235584841016,0.9412900185659857,62.580576310660376
SM(35_1),C40 H81 N2 O6 P,716.5815,10.127,13983290.9205087,Area: standard16B3.raw (F31),13317403.6478777,21,9.98,SM,18:1_17:0,35_1,35,1,B3,16,50,1.3821308174287905,10.58989511488896,0.9101563033057309,67.15782529893974
PE(16:0_18:1),C39 H76 N O8 P,717.52932,11.847,170714421.761119,Area: standard16B3.raw (F31),170714421.761119,32,11.847,PE,16:0_18:1,34_1,34,1,B3,16,50,1.18643288820946,13.74803121913858,0.975124873120859,80.57458898005895
PE(18:0_18:1),C41 H80 N O7 P,729.56465,15.276,249056022.187329,Area: standard16B3.raw (F31),249056022.187329,19,15.36,PEp,18:0_18:1,36_1,36,1,B3,16,50,1.2287043686823633,14.216302787827248,0.9780766262662444,64.35768066280481
PS(34:0_17:0),C40 H78 N O10 P,763.53502,12.132,95165866.063891,Area: standard16B3.raw (F31),70635235.2565162,26,12.03,PS,17:0_17:0,34_0,34,0,B3,16,50,1.2107601666199124,13.214162133719759,0.9631241376520957,55.31699014536822
PG(18:0_18:1),C42 H81 O10 P,776.55601,12.534,29699714.7281424,Area: standard16B3.raw (F31),29699714.7281424,24,12.404,PG,18:1_18:0,36_1,36,1,B3,16,50,1.1823124317065072,12.086211591044925,0.9608186089647072,76.01006324465871
PC(18:1_18:1),C44 H84 N O8 P,785.58981000000006,11.277,998620005.120719,Area: standard16B3.raw (F31),998620005.120719,20,11.462,PC,18:1_18:1,36_2,36,2,B3,16,50,1.1729558087543293,15.591708402124302,0.9675836020141986,79.33796505107557
PC(18:1_20:4),C46 H82 N O8 P,807.57401,11.819,12196817.9939931,Area: standard16B3.raw (F31),1349238.86072882,6,11.498,PCp,18:1_20:4,38_4,38,4,B3,16,50,0.4046004170167451,15.453404727350827,0,0.03659512494685023
PI(34:2),C43 H79 O13 P,834.52455,8.354,88157750.9432684,Area: standard16B3.raw (F31),88157750.9432684,29,8.31,PI,16:0_18:2,34_2,34,2,B3,16,50,1.2157441180432402,13.118700574207326,0.9833773231149067,70.62779028113609
TG(18:1_18:1_18:1) +NH4,C57 H107 N O6,901.80726,21.343,310832446.923526,Area: standard16B3.raw (F31),276406289.529875,24,21.312,TG,18:1_18:1_18:1,54_3,54,3,B3,16,50,0.9577345015024867,15.62072641316727,0.9720883936928404,53.79000720511943
FA(18:1),C18 H34 O2,282.25545,4.875,699159.20364585,Area: standard16B4.raw (F32),239789.608424041,16,4.84,FA,18:01,18_1,18,1,B4,16,50,1.5445883525911401,6.561239407754413,0.7169625691734415,43.46945901034376
LPC(18:1),C26 H52 N O7 P,521.3465,3.238,414092750.584583,Area: standard16B4.raw (F32),278105435.105677,32,3.061,LPC,18:01,18_1,18,1,B4,16,50,1.1925999734337,14.589882377109294,0.9399089080489595,58.54452160167137
Cer(d18:1_17:0),C35 H69 N O3,551.52663,12.306,38110154.6493222,Area: standard16B4.raw (F32),21502401.0214997,24,12.21,Cer,18:1_17:0,35_1,35,1,B4,16,50,1.4899067331041478,11.111911564326087,0.9445085017026763,48.130175636511545
DG(18:1-18:1),C39 H72 O5,620.53639,15.437,91630618.2585435,Area: standard16B4.raw (F32),79418850.0029828,19,15.418,DG,18:1_18:1,36_2,36,2,B4,16,50,1.3519306673506046,12.729235584841016,0.9412900185659857,56.79318062108352
SM(35_1),C40 H81 N2 O6 P,716.5815,10.127,13983290.9205087,Area: standard16B4.raw (F32),6260488.11582826,21,9.98,SM,18:1_17:0,35_1,35,1,B4,16,50,1.3821308174287905,10.58989511488896,0.9101563033057309,38.8972031317327
PE(16:0_18:1),C39 H76 N O8 P,717.52932,11.847,170714421.761119,Area: standard16B4.raw (F32),95208415.7033864,32,11.847,PE,16:0_18:1,34_1,34,1,B4,16,50,1.18643288820946,13.74803121913858,0.975124873120859,49.255240660985216
PE(18:0_18:1),C41 H80 N O7 P,729.56656,15.619,249383434.16463,Area: standard16B4.raw (F32),147876310.602674,13,15.36,PEp,18:0_18:1,36_1,36,1,B4,16,50,1.2287043686823633,14.216302787827248,0.9780766262662444,42.10585804100178
PS(34:0_17:0),C40 H78 N O10 P,763.53502,12.132,95165866.063891,Area: standard16B4.raw (F32),30727817.1142458,26,12.03,PS,17:0_17:0,34_0,34,0,B4,16,50,1.2107601666199124,13.214162133719759,0.9631241376520957,27.81597604137689
PG(18:0_18:1),C42 H81 O10 P,776.55601,12.534,29699714.7281424,Area: standard16B4.raw (F32),15152071.0686678,24,12.404,PG,18:1_18:0,36_1,36,1,B4,16,50,1.1823124317065072,12.086211591044925,0.9608186089647072,43.01900862613703
PC(18:1_18:1),C44 H84 N O8 P,785.59252,11.635,775555808.591492,Area: standard16B4.raw (F32),604134594.442235,12,11.462,PC,18:1_18:1,36_2,36,2,B4,16,50,1.1729558087543293,15.591708402124302,0.9675836020141986,51.689050061678714
PC(18:1_20:4),C46 H82 N O8 P,807.57401,11.819,12196817.9939931,Area: standard16B4.raw (F32),11984331.670589,6,11.498,PCp,18:1_20:4,38_4,38,4,B4,16,50,0.4046004170167451,15.453404727350827,0,8.08673500381178
PI(34:2),C43 H79 O13 P,834.52455,8.354,88157750.9432684,Area: standard16B4.raw (F32),46325011.4450687,29,8.31,PI,16:0_18:2,34_2,34,2,B4,16,50,1.2157441180432402,13.118700574207326,0.9833773231149067,41.602605869546814
